季度,季度均价_元每公斤,季末价格_元每公斤,季内最高_元每公斤,季内最低_元每公斤,交易日数,报告日期,猪价环比_%,猪价同比_%,四季均线,猪周期阶段,报告期,单季营业收入,单季归母净利润,营收同比_%,归母净利润同比_%,毛利率_%,净利率_%,摊薄ROE_%,单季经营现金流,单季自由现金流,单季营业收入_亿元,单季归母净利润_亿元,单季经营现金流_亿元,单季自由现金流_亿元,季末后复权收盘价,季内最高价,季内最低价,股价季度收益_%,股价年度收益_%
2015Q1,12.871538461538462,12.23,13.57,12.07,13,2015-03-31,,,,观察期,一季度,499900045.93,-20194850.1,11.3202050861,63.7567192105,2.505581794196,-4.039777604427,-1.0419786873,123618756.2,-264220240.84000003,4.9990004593,-0.201948501,1.236187562,-2.6422024084,73.734,77.734,42.334,66.69078084731201,137.39214423696075
2015Q2,13.761538461538462,15.27,15.27,12.42,13,2015-06-30,6.914480368134823,,13.316538461538462,上行期,二季度,624826424.72,67027330.81,-0.6900325388,370.9466162722,17.277900424646,10.727352134641,3.4299811872,-99049605.63,-454471456.54,6.2482642472,0.6702733081000001,-0.9904960562999999,-4.5447145654000005,117.775,117.775,69.434,59.72956844874822,167.36662883087402
2015Q3,17.672307692307694,17.63,18.52,15.87,13,2015-09-30,28.41811067635551,,14.768461538461539,上行期,三季度,821479215.66,232164584.41,23.4379581871,179.1854158035,33.91820803721,28.26177217685,11.074571839,412643008.13,-102844351.98999989,8.2147921566,2.3216458441,4.1264300813,-1.0284435198999988,89.295,160.295,64.295,-24.18170239864148,61.7545830012318
2015Q4,16.77230769230769,16.52,17.63,16.24,13,2015-12-31,-5.092713502219914,,15.269423076923077,高位震荡,四季度,1057269036.48,316853776.44,22.7910745325,308.8505905716,32.200678138032,29.969077454014,11.0508607118,478191919.72999996,-62111727.44000012,10.5726903648,3.1685377644,4.7819191973,-0.6211172744000012,94.435,127.255,90.115,5.756201355059076,113.48962336664106
2016Q1,18.39769230769231,19.89,19.89,16.94,13,2016-03-31,9.690882406897838,42.9331261578916,16.650961538461537,上行期,一季度,912227007.83,367957213.87,82.4818811795,1922.0348853691,46.066344504493,40.336145576888,9.928730883,128962410.74,-736521762.93,9.1222700783,3.6795721387,1.2896241073999999,-7.365217629299999,121.595,126.275,79.295,28.76052311113464,64.91035343260911
2016Q2,20.512307692307694,19.87,21.16,19.87,13,2016-06-30,11.49391646109461,49.05533817775294,18.338653846153846,上行期,二季度,1372077629.87,704471682.02,119.5934063584,951.0215362998,54.895561055927,51.343427418662,16.6062863524,620298002.38,-404378467.44000006,13.720776298699999,7.0447168202,6.2029800238,-4.0437846744,101.355,127.895,92.335,-16.645421275545868,-13.94183825090215
2016Q3,18.504615384615384,17.91,19.04,17.91,13,2016-09-30,-9.78774469361735,4.709671802907622,18.54673076923077,下行期,三季度,1615850532.64,689503851.42,96.7001114376,196.9892471637,46.634676019127,42.671264296548,14.2225610073,523204484.86,-610424622.6199998,16.1585053264,6.8950385141999995,5.2320448486,-6.104246226199997,98.721,118.561,96.841,-2.598786443688028,10.556022173693936
2016Q4,16.803846153846152,17.28,17.37,15.97,13,2016-12-31,-9.19105420685069,0.1880388919464293,18.554615384615385,下行期,四季度,1705751832.75,559965964.91,61.3356462636,76.7269341718,37.196372824475,32.828102784872,10.4054553184,10004907.379999876,-1328094318.6000001,17.0575183275,5.5996596490999995,0.10004907379999876,-13.280943186000002,94.121,103.201,91.401,-4.659596235856611,-0.3325038386191581
2017Q1,17.147692307692306,15.97,18.25,15.85,13,2017-03-31,2.046234836347005,-6.794330392607783,18.242115384615385,低位筑底,一季度,1967844689.37,680036371.42,115.7187490043,84.8139799374,40.465642594738,34.557420872361,11.3311700997,344713694.38,-1138575692.1399999,19.6784468937,6.8003637141999995,3.4471369438,-11.385756921399999,109.801,116.881,91.081,16.659406508643148,-9.699411982400585
2017Q2,14.395384615384616,13.56,15.96,12.95,13,2017-06-30,-16.050601112506723,-29.82074551863797,16.712884615384613,下行期,二季度,2262810990.17,520231897.68,64.9185833883,-26.152901393,29.045363623615,22.990514892316,6.7330712441,499488813.31000006,-692164202.7099999,22.6281099017,5.2023189768,4.994888133100001,-6.921642027099999,109.881,115.361,92.601,0.072859081429133,8.412017167381979
2017Q3,14.081538461538461,14.43,14.54,13.65,13,2017-09-30,-2.180185957037517,-23.902560691719323,15.607115384615383,低位筑底,三季度,2926483223.15,611943589.79,81.1110102101,-11.2487060762,27.097184840733,20.910544948599,6.4979262868,656008769.1199999,-959175296.0500002,29.2648322315,6.1194358979,6.560087691199999,-9.591752960500003,152.045,175.725,107.801,38.372421073706995,54.01484993061252
2017Q4,14.420769230769231,14.94,14.94,14.19,13,2017-12-31,2.409046214355959,-14.181734950789638,15.011346153846153,低位筑底,四季度,2885277028.57,553317505.1,69.1498712282,-1.1872971264,25.886067930197,19.177274820444,4.9271146785,286924707.3200002,-1699309985.2400002,28.8527702857,5.533175051000001,2.8692470732000017,-16.993099852400004,215.205,229.325,150.925,41.540333453911686,128.64716694467765
2018Q1,13.35,10.22,15.2,10.22,12,2018-03-31,-7.425188030084817,-22.14695855015252,14.061923076923078,下行期,一季度,2755526839.54,136037497.74,40.0276584034,-79.9955556118,13.065803716508,4.936896124108,1.0624088029,-214193686.61,-2085484679.9499998,27.5552683954,1.3603749774,-2.1419368661,-20.8548467995,184.885,255.285,172.965,-14.088891986710351,68.38189087531077
2018Q2,10.61153846153846,11.48,11.51,10.0,13,2018-06-30,-20.512820512820518,-26.285134124185117,13.115961538461537,下行期,二季度,2757427943.87,-214693225.3,21.8585182699,-141.2687546184,-0.36134270352,-7.785995850854,-1.7362092888,32135228.620000005,-722488477.1300002,27.5742794387,-2.146932253,0.32135228620000006,-7.224884771300002,181.605,230.765,172.085,-1.7740757768342497,65.2742512354274
2018Q3,13.268461538461539,13.89,14.32,11.43,13,2018-09-30,25.03805726712578,-5.774063148694408,12.912692307692307,上行期,三季度,3668475274.41,428846509.9,25.3543927876,-29.9205813975,17.461356959071,11.690047712506,3.5521012746,902287695.41,105582698.2700001,36.684752744099995,4.288465099,9.0228769541,1.055826982700001,185.805,209.421,153.405,2.3127116544148008,22.20395277713836
2018Q4,13.781428571428572,13.45,14.19,13.34,14,2018-12-31,3.866062628889466,-4.433471260163535,12.752857142857144,高位震荡,四季度,4206727628.12,170018047.82,45.7997823594,-69.2729678254,7.689567724511,4.228660204927,1.3835695701,637430088.08,-987249316.9799999,42.0672762812,1.7001804781999998,6.374300880800001,-9.872493169799998,213.525,226.845,164.277,14.91886655364494,-0.7806510071792006
2019Q1,13.354545454545455,15.84,15.84,11.79,11,2019-03-31,-3.097524430581333,0.03404834865510242,12.753993506493506,高位震荡,一季度,3048109324.17,-540937526.98,10.6180234005,-497.6385452295,-10.224719445549,-18.268429690973,-4.5007629337,-130492019.72,-1695867520.55,30.481093241700002,-5.4093752698,-1.3049201972,-16.9586752055,462.357,477.405,208.989,116.53530031612225,150.07815669199775
2019Q2,15.663846153846153,17.04,17.04,15.14,13,2019-06-30,17.292244855212857,47.611453425154046,14.017070429570431,上行期,二季度,4111755402.79,385235655.35,49.1156065177,279.4354036145,14.69170750308,9.905290412062,3.2403201891,1541581504.91,-218673132.87000012,41.1175540279,3.8523565535000004,15.4158150491,-2.1867313287000014,429.813,542.565,385.965,-7.038716835691905,136.67465102833071
2019Q3,23.486428571428572,29.45,29.99,16.75,14,2019-09-30,49.94036803446027,77.00943325907093,16.57156218781219,上行期,三季度,4573423986.83,1542614540.15,24.6682516503,259.7125089137,41.694658343097,35.072000656816,10.0894877431,3314741338.7599998,782865645.1499996,45.7342398683,15.426145401500001,33.1474133876,7.828656451499996,514.485,604.341,423.909,19.699729882530328,176.89513199321868
2019Q4,36.318333333333335,34.35,41.5,33.09,12,2019-12-31,54.63540241071338,163.53097681489928,22.20578837828838,上行期,四季度,8488043811.85,4727450994.33,101.7730778459,2680.5583318631,59.741586357043,57.516517352612,22.6969851755,5263064526.96,-2000029913.459999,84.88043811850001,47.2745099433,52.6306452696,-20.00029913459999,646.173,752.805,521.685,25.596081518411616,202.62170706006324
2020Q1,37.04636363636364,35.13,39.16,35.13,11,2020-03-31,2.00458070679721,177.40639891082367,28.128742923742923,高位震荡,一季度,8069942791.11,4131391734.25,164.7524065859,863.7465563381,64.528647573519,56.318876809223,16.3111275378,4384756332.22,-3419907608.04,80.6994279111,41.3139173425,43.8475633222,-34.1990760804,886.797,1014.309,536.157,37.23832472108863,91.79919412921184
2020Q2,32.28846153846154,35.28,35.28,28.01,13,2020-06-30,-12.843101537857493,106.13367382016405,32.28489676989677,高位震荡,二季度,12962911833.8,6652641104.85,215.2646634818,1626.9017061273,61.069625744877,55.644323316249,21.8581223283,6755854392.7300005,-3428795401.6799974,129.62911833799998,66.52641104850001,67.55854392730001,-34.28795401679997,1014.525,1015.994,808.648,14.403296357565477,136.03869589798356
2020Q3,36.994615384615386,33.72,38.39,33.72,13,2020-09-30,14.575342465753426,57.51486128299486,35.661943473193475,上行期,三季度,18131698952.87,10203795498.73,296.4578618795,561.4611254564,67.299898251391,62.451903432842,26.4500900873,7959570834.380001,-5738781357.549999,181.3169895287,102.0379549873,79.59570834380001,-57.38781357549999,916.605,1222.727,873.887,-9.65180749611887,78.15971311116942
2020Q4,31.260833333333334,34.63,34.63,28.89,12,2020-12-31,-15.498963813167544,-13.925473819466749,34.39756847319347,下行期,四季度,17112512030.07,6463593602.9,101.607253796,36.7247087416,51.554009889359,42.618833701648,13.7172365103,4085569636.66,-10297551981.09,171.1251203007,64.63593602899999,40.8556963666,-102.9755198109,954.549,1013.179,839.126,4.1396239383376665,47.72344248366922
2021Q1,31.818181818181817,26.56,36.43,26.56,11,2021-03-31,1.7828970805272348,-14.112537115653613,33.09052301864802,低位筑底,一季度,20152096045.72,6963072000.64,149.7179542328,68.5405899159,45.880109988726,39.943041499644,12.7806163565,4755828247.31,-9735685648.14,201.5209604572,69.6307200064,47.55828247310001,-97.35685648139999,1235.212,1614.285,989.923,29.40268126623149,39.28914960244565
2021Q2,19.31,13.71,25.25,13.46,13,2021-06-30,-39.31142857142858,-40.19535437760573,29.84590763403263,下行期,二季度,21385869465.66,2562908557.43,64.9773580184,-61.4753221008,20.530758637662,14.560299690691,4.4808940238,8442190319.19,612675460.6600008,213.8586946566,25.6290855743,84.4219031919,6.126754606600008,1070.939,1419.669,940.706,-13.299174554651339,5.56063182277422
2021Q3,14.639166666666666,11.6,16.18,11.6,12,2021-09-30,-24.188675988261686,-60.42892590051221,24.25704545454545,下行期,三季度,14743838256.9,-821714334.22,-18.6847393881,-108.0530262913,-0.409466723577,-9.824705362134,-1.4668775874,95146925.34000015,-5808106154.0,147.438382569,-8.2171433422,0.9514692534000015,-58.08106154,918.086,1090.988,697.203,-14.272801718865413,0.16157450592131362
2021Q4,16.58090909090909,16.13,18.57,12.27,11,2021-12-31,13.264022935566167,-46.959478289950404,20.587064393939393,低位筑底,四季度,22608066798.12,-1800488531.93,32.1142492604,-127.8558437078,-1.61950414907,-9.182939260701,-3.2572991822,3001861321.9799995,-4626191201.48,226.08066798119998,-18.0048853193,30.018613219799995,-46.2619120148,943.105,1075.737,816.984,2.72512596859118,-1.1988907850723152
2022Q1,13.382727272727273,12.19,16.28,11.89,11,2022-03-31,-19.288338176435094,-57.93999999999999,15.978200757575756,下行期,一季度,18277656240.56,-5180230377.25,-9.3014632369,-174.3957606179,-23.0337891362,-31.510446007292,-9.8809792032,-58213007.43,-5972480268.690001,182.7765624056,-51.8023037725,-0.5821300743,-59.724802686900006,1003.081,1102.812,842.174,6.359419152692425,-18.7928064170361
2022Q2,14.996153846153845,17.38,17.38,12.53,13,2022-06-30,12.056037163027167,-22.33995936740628,14.899739219114217,上行期,二季度,25989992497.48,-1503365518.96,21.5288091944,-158.658570342,0.0419792661,-6.266244666088,-3.0526963367,248631593.59,-1808650247.8099997,259.8999249748,-15.033655189600001,2.4863159359,-18.086502478099998,980.085,1048.286,846.115,-2.2925366944444137,-8.483583098570513
2022Q3,22.566153846153846,24.37,24.37,20.06,13,2022-09-30,50.47961015645037,54.14916955305182,16.881486013986013,上行期,三季度,36505891324.79,8195894873.6,147.6010024575,1097.4141294955,30.22070327525,25.23747130032,15.6886778685,9669009021.89,6027260966.57,365.0589132479,81.95894873600001,96.6900902189,60.272609665699996,967.233,1163.782,948.04,-1.3113148349377934,5.353202205457874
2022Q4,23.85923076923077,16.27,28.11,16.27,13,2022-12-31,5.7301608944641425,43.89579388208702,18.70106643356643,上行期,四季度,44052672114.91,11753857535.0,94.8537772304,752.8149069853,34.063636280082,29.755752911055,18.3265254763,13151123193.880001,9025501405.84,440.5267211491,117.53857535,131.51123193880002,90.25501405840001,868.358,1058.567,814.208,-10.22245932469219,-7.925628641561655
2023Q1,15.262727272727272,15.19,17.32,13.99,11,2023-03-31,-36.03009493327707,14.047958698457986,19.171066433566434,下行期,一季度,24198301291.41,-1198054174.39,32.3928022988,76.8725696129,1.882968017353,-4.961072967862,-1.6863300093,-3853793609.91,-7912389161.16,241.9830129141,-11.980541743900002,-38.5379360991,-79.1238916116,872.642,914.625,833.572,0.4933449107396015,-13.003835183798717
2023Q2,14.379999999999999,14.22,14.83,14.17,13,2023-06-30,-5.783548752159151,-4.108745832264682,19.01702797202797,下行期,二季度,27670673174.68,-1581163482.85,6.4666454881,-5.1749200649,1.013517120706,-5.741561729383,-2.3516913759,2809751622.2599998,-2686218716.31,276.7067317468,-15.811634828499999,28.097516222599996,-26.8621871631,755.26,918.224,706.765,-13.451335140871057,-22.939336894248974
2023Q3,15.924615384615386,16.25,17.29,13.83,13,2023-09-30,10.741414357547896,-29.431415325879463,17.356643356643357,低位筑底,三季度,31099681034.63,936888334.97,-14.8091447544,-88.5688097588,9.975657956348,3.569102607689,1.4482356351,7732067647.65,3444517696.029999,310.99681034630004,9.3688833497,77.3206764765,34.44517696029999,694.813,808.082,694.813,-8.003469004051588,-28.16487857630995
2023Q4,14.760909090909092,14.6,15.5,14.04,11,2023-12-31,-7.307594347493874,-38.133340367599,15.082062937062936,下行期,四季度,27892072213.68,-2420951498.04,-36.6847210972,-120.5970804975,-1.407386889661,-8.922335799416,-3.7813213395,3204791203.7199993,31181641.60000038,278.9207221368,-24.209514980399998,32.04791203719999,0.3118164160000038,751.191,759.416,579.659,8.114125671223782,-13.492937244776915
2024Q1,14.372727272727273,15.05,15.55,13.61,11,2024-03-31,-2.6297961446079987,-5.8311989993447995,14.859562937062936,低位筑底,一季度,26272049758.43,-2378911751.33,8.5698100955,-98.5646227176,-2.500498284148,-9.358948051136,-3.8367911126,5066779306.59,254567775.42000008,262.7204975843,-23.7891175133,50.6677930659,2.5456777542000006,784.949,785.12,632.267,4.493930305341776,-10.049138134538572
2024Q2,16.308333333333334,18.23,18.77,15.03,12,2024-06-30,13.467214842926412,13.409828465461304,15.341646270396271,上行期,二季度,30594060331.4,3208199959.77,10.5649296577,302.9012176519,16.536627731062,11.386449347244,5.1224480479,10407050973.78,9219298031.68,305.94060331400004,32.0819995977,104.07050973780001,92.1929803168,792.66,903.53,763.871,0.9823568155383322,4.951937081270019
2024Q3,19.39071428571429,18.09,21.03,17.64,14,2024-09-30,18.900649682458592,21.765667913383126,16.208170995670997,上行期,三季度,39909015476.48,9651780244.34,28.3261247343,930.19536951,30.838812579236,25.610408681075,14.1586126904,13704043671.449999,9538922287.34,399.09015476480005,96.5178024434,137.04043671449998,95.3892228734,839.098,849.723,645.633,5.858501753589174,20.766019058365348
2024Q4,16.745833333333334,15.79,18.1,15.71,12,2024-12-31,-13.639935658943292,13.4471679908029,16.704402056277058,高位震荡,四季度,41171766510.56,7400192032.49,47.6109992658,405.6728744248,28.947297270942,18.652085875694,10.2576344621,8365192262.669998,6149552308.049997,411.71766510559996,74.0019203249,83.65192262669999,61.49552308049997,718.37,915.696,705.438,-14.387830742058727,-4.369195051591412
2025Q1,15.191666666666668,14.73,16.23,14.68,12,2025-03-31,-9.28091565065936,5.697870546067896,16.90913690476191,下行期,一季度,36061237090.13,4491095122.49,37.2608434504,288.7877984536,19.798678089011,12.809591184808,6.0535846065,7506015637.01,4639159097.3,360.6123709013,44.910951224899996,75.0601563701,46.391590973,723.339,748.529,671.76,0.6917048317719443,-7.8489175729888006
2025Q2,14.643333333333333,14.73,15.02,14.14,12,2025-06-30,-3.609434997257277,-10.209504343382736,16.492886904761907,低位筑底,二季度,40401515589.61,6038955975.93,32.0567298096,88.2350243643,18.321773705127,15.274104158847,7.802848637,9844794302.390001,7485826655.780002,404.0151558961,60.389559759300006,98.44794302390001,74.85826655780002,789.216,823.585,702.776,9.1073480069511,-0.4344864128377868
2025Q3,13.972307692307691,12.54,15.39,12.54,13,2025-09-30,-4.582465110578027,-27.943305819314233,15.138285256410256,低位筑底,三季度,35327252198.98,4248853858.67,-11.4805219392,-55.9785474689,18.095407765636,12.2337751465,5.4713589069,11228732908.07,9167969957.65,353.27252198980005,42.4885385867,112.28732908069999,91.6796995765,977.54,1092.009,783.218,23.862161942991513,16.498907159831155
2025Q4,11.613333333333335,11.78,12.44,11.05,12,2025-12-31,-16.883212214636988,-30.64941527743219,13.855160256410256,下行期,四季度,32354960492.96,707986296.95,-21.4146896401,-90.4328658791,14.678976979074,2.162556569347,0.9161338487,1476644067.0,-765698448.1900005,323.5496049296,7.079862969500001,14.76644067,-7.656984481900006,951.763,1001.531,888.36,-2.6369253432084516,32.48924648857832
2026Q1,11.558181818181819,9.51,13.12,9.51,11,2026-03-31,-0.47489823609228043,-23.917618311474598,12.946789044289044,低位筑底,一季度,29893668691.43,-1214841304.35,-17.1030416491,-127.0500016414,5.171922017063,-4.088323935297,-1.4728136543,-919971284.57,-5411253991.7699995,298.9366869143,-12.1484130435,-9.1997128457,-54.1125399177,799.766,973.525,791.541,-15.970047165103086,10.5658619264273
