date,open,close,high,low
2017-01-03,0.07,0.11,0.22,0.07
2017-01-04,0.13,0.2,0.21,0.12
2017-01-05,0.22,0.18,0.23,0.18
2017-01-06,0.18,0.19,0.24,0.15
2017-01-09,0.19,0.14,0.21,0.11
2017-01-10,0.17,0.23,0.24,0.16
2017-01-11,0.22,0.16,0.25,0.15
2017-01-12,0.16,0.11,0.18,0.11
2017-01-13,0.17,0.07,0.19,0.06
2017-01-16,0.06,0.01,0.1,-0.07
2017-01-17,0.02,0.04,0.07,-0.03
2017-01-18,0.04,0.12,0.17,0.02
2017-01-19,0.12,0.17,0.2,0.11
2017-01-20,0.18,0.24,0.25,0.18
2017-01-23,0.23,0.21,0.27,0.19
2017-01-24,0.23,0.31,0.34,0.2
2017-01-25,0.29,0.3,0.33,0.26
2017-01-26,0.32,0.26,0.34,0.26
2017-02-03,0.25,0.18,0.25,0.17
2017-02-06,0.18,0.22,0.32,0.17
2017-02-07,0.24,0.26,0.27,0.2
2017-02-08,0.26,0.23,0.26,0.2
2017-02-09,0.23,0.24,0.26,0.21
2017-02-10,0.24,0.29,0.32,0.23
2017-02-13,0.29,0.38,0.38,0.26
2017-02-14,0.38,0.32,0.38,0.32
2017-02-15,0.34,0.29,0.36,0.27
2017-02-16,0.27,0.33,0.34,0.27
2017-02-17,0.33,0.33,0.36,0.3
2017-02-20,0.34,0.56,0.59,0.34
2017-02-21,0.56,0.82,0.86,0.53
2017-02-22,0.84,0.82,0.85,0.71
2017-02-23,0.78,0.78,0.81,0.71
2017-02-24,0.79,0.83,0.94,0.75
2017-02-27,0.83,0.69,0.87,0.69
2017-02-28,0.74,0.76,0.81,0.67
2017-03-01,0.76,0.73,0.76,0.71
2017-03-02,0.73,0.74,0.79,0.69
2017-03-03,0.74,0.68,0.74,0.63
2017-03-06,0.67,0.76,0.78,0.67
2017-03-07,0.8,0.86,0.96,0.8
2017-03-08,0.83,0.76,0.89,0.73
2017-03-09,0.73,0.79,0.81,0.72
2017-03-10,0.79,0.86,0.91,0.76
2017-03-13,0.85,0.88,0.93,0.78
2017-03-14,0.87,0.83,0.89,0.79
2017-03-15,0.83,0.9,0.91,0.79
2017-03-16,0.89,1.01,1.04,0.89
2017-03-17,1.02,1.01,1.11,0.97
2017-03-20,0.99,1.19,1.25,0.98
2017-03-21,1.21,1.23,1.26,1.14
2017-03-22,1.23,1.36,1.42,1.19
2017-03-23,1.38,1.21,1.43,1.1
2017-03-24,1.21,1.18,1.29,1.11
2017-03-27,1.18,1.19,1.36,1.15
2017-03-28,1.19,1.15,1.27,1.11
2017-03-29,1.14,1.07,1.15,1.02
2017-03-30,1.05,1.14,1.14,1.01
2017-03-31,1.26,1.02,1.31,0.98
2017-04-05,1.02,1.06,1.11,0.93
2017-04-06,1.08,1.15,1.17,1.04
2017-04-07,1.16,1.09,1.17,1.07
2017-04-10,1.12,0.9,1.13,0.86
2017-04-11,0.88,0.97,0.97,0.72
2017-04-12,0.95,0.96,1.05,0.9
2017-04-13,0.97,0.92,1.02,0.89
2017-04-14,0.92,0.98,1.0,0.92
2017-04-17,0.98,0.81,0.99,0.74
2017-04-18,0.8,0.86,0.96,0.76
2017-04-19,0.82,0.88,0.95,0.79
2017-04-20,0.91,0.92,0.95,0.86
2017-04-21,0.94,1.08,1.12,0.92
2017-04-24,1.08,0.8,1.11,0.77
2017-04-25,0.81,0.85,0.89,0.79
2017-04-26,0.91,1.21,1.34,0.91
2017-04-27,1.27,1.23,1.28,1.07
2017-04-28,1.23,1.18,1.27,1.14
2017-05-02,1.14,1.19,1.27,1.13
2017-05-03,1.18,1.19,1.29,1.14
2017-05-04,1.14,1.21,1.23,1.09
2017-05-05,1.19,1.16,1.25,1.13
2017-05-08,1.09,0.57,1.09,0.55
2017-05-09,0.6,0.78,0.82,0.46
2017-05-10,0.74,0.58,0.78,0.54
2017-05-11,0.58,0.56,0.62,0.48
2017-05-12,0.59,0.54,0.59,0.44
2017-05-15,0.51,0.42,0.55,0.4
2017-05-16,0.41,0.42,0.42,0.25
2017-05-17,0.42,0.5,0.55,0.38
2017-05-18,0.5,0.51,0.56,0.45
2017-05-19,0.54,0.47,0.54,0.46
2017-05-22,0.47,0.34,0.47,0.3
2017-05-23,0.31,0.21,0.37,0.19
2017-05-24,0.2,0.08,0.2,0.01
2017-05-25,0.08,0.2,0.21,0.05
2017-05-26,0.14,0.29,0.33,0.14
2017-05-31,0.29,0.31,0.46,0.24
2017-06-01,0.31,0.22,0.31,0.2
2017-06-02,0.2,0.2,0.26,0.18
2017-06-05,0.22,0.31,0.33,0.2
2017-06-06,0.31,0.45,0.47,0.27
2017-06-07,0.45,0.55,0.61,0.41
2017-06-08,0.55,0.56,0.59,0.51
2017-06-09,0.55,0.64,0.7,0.55
2017-06-12,0.68,0.61,0.69,0.59
2017-06-13,0.63,0.68,0.7,0.63
2017-06-14,0.7,0.75,0.79,0.62
2017-06-15,0.75,0.66,0.75,0.63
2017-06-16,0.65,0.66,0.71,0.61
2017-06-19,0.68,0.72,0.77,0.65
2017-06-20,0.72,0.82,0.83,0.69
2017-06-21,0.84,0.81,0.94,0.79
2017-06-22,0.81,0.81,0.95,0.77
2017-06-23,0.81,0.83,0.93,0.78
2017-06-26,0.83,0.88,0.9,0.79
2017-06-27,0.9,0.81,0.9,0.8
2017-06-28,0.81,0.75,0.88,0.73
2017-06-29,0.75,0.83,0.88,0.75
2017-06-30,0.86,1.02,1.09,0.86
2017-07-03,1.03,0.98,1.04,0.9
2017-07-04,0.98,1.14,1.2,0.98
2017-07-05,1.15,1.14,1.21,1.11
2017-07-06,1.11,1.24,1.29,1.08
2017-07-07,1.25,1.34,1.37,1.23
2017-07-10,1.35,1.63,1.91,1.35
2017-07-11,1.65,1.54,1.65,1.39
2017-07-12,1.47,1.59,1.69,1.44
2017-07-13,1.53,1.68,1.68,1.52
2017-07-14,1.71,1.58,1.77,1.44
2017-07-17,1.58,1.2,1.58,1.16
2017-07-18,1.2,1.35,1.36,1.13
2017-07-19,1.35,1.44,1.5,1.28
2017-07-20,1.44,1.46,1.64,1.43
2017-07-21,1.47,1.53,1.55,1.47
2017-07-24,1.57,1.64,1.68,1.48
2017-07-25,1.65,1.5,1.67,1.48
2017-07-26,1.5,1.32,1.53,1.26
2017-07-27,1.36,1.32,1.36,1.26
2017-07-28,1.32,1.5,1.54,1.31
2017-07-31,1.5,1.47,1.51,1.37
2017-08-01,1.46,1.25,1.47,1.19
2017-08-02,1.25,1.31,1.34,1.22
2017-08-03,1.32,1.23,1.32,1.16
2017-08-04,1.24,1.37,1.39,1.19
2017-08-07,1.37,1.65,1.76,1.32
2017-08-08,1.69,2.33,2.33,1.56
2017-08-09,2.44,2.36,2.49,2.19
2017-08-10,2.28,2.2,2.31,2.02
2017-08-11,2.1,2.37,2.45,2.02
2017-08-14,2.31,2.5,2.51,2.12
2017-08-15,2.46,2.39,2.5,2.28
2017-08-16,2.33,2.31,2.44,2.19
2017-08-17,2.39,2.31,2.4,2.23
2017-08-18,2.26,2.24,2.38,2.16
2017-08-21,2.24,2.17,2.29,2.14
2017-08-22,2.23,2.71,2.88,2.19
2017-08-23,2.67,2.66,2.83,2.51
2017-08-24,2.66,3.04,3.04,2.64
2017-08-25,2.99,3.16,3.28,2.83
2017-08-28,3.04,3.72,3.91,3.02
2017-08-29,3.61,3.5,3.81,3.49
2017-08-30,3.53,4.35,4.36,3.53
2017-08-31,4.35,4.58,4.75,4.13
2017-09-01,4.56,4.7,4.87,4.31
2017-09-04,4.75,4.33,4.75,4.31
2017-09-05,4.38,4.34,4.61,4.24
2017-09-06,4.46,4.42,4.56,4.3
2017-09-07,4.35,4.17,4.43,4.13
2017-09-08,4.23,4.27,4.28,3.99
2017-09-11,4.15,4.21,4.57,4.13
2017-09-12,4.16,3.86,4.24,3.77
2017-09-13,3.93,3.98,4.1,3.87
2017-09-14,4.08,4.04,4.28,4.04
2017-09-15,4.03,4.02,4.14,3.84
2017-09-18,4.02,4.01,4.16,3.91
2017-09-19,4.01,3.84,4.13,3.82
2017-09-20,3.83,3.64,3.84,3.5
2017-09-21,3.68,3.67,3.73,3.56
2017-09-22,3.66,3.42,3.66,3.4
2017-09-25,3.39,3.52,3.7,3.26
2017-09-26,3.54,3.42,3.72,3.38
2017-09-27,3.47,3.46,3.58,3.36
2017-09-28,3.47,3.29,3.49,3.26
2017-09-29,3.35,3.48,3.49,3.32
2017-10-09,3.61,3.7,3.83,3.42
2017-10-10,3.69,4.15,4.16,3.67
2017-10-11,4.14,4.21,4.37,4.09
2017-10-12,4.25,4.09,4.25,4.02
2017-10-13,4.03,3.83,4.04,3.8
2017-10-16,3.83,3.88,4.03,3.79
2017-10-17,3.91,4.16,4.22,3.86
2017-10-18,3.93,3.84,4.02,3.7
2017-10-19,3.81,3.98,4.13,3.73
2017-10-20,4.0,4.09,4.17,3.86
2017-10-23,4.05,4.67,4.67,4.03
2017-10-24,4.63,4.65,4.86,4.54
2017-10-25,4.66,5.04,5.07,4.48
2017-10-26,4.98,4.93,5.41,4.9
2017-10-27,4.96,5.24,5.3,4.8
2017-10-30,5.24,5.29,5.52,5.07
2017-10-31,5.29,5.82,5.86,5.17
2017-11-01,5.8,5.73,6.27,5.55
2017-11-02,5.7,5.62,6.01,5.39
2017-11-03,5.62,5.92,5.94,5.41
2017-11-06,5.67,6.12,6.12,5.41
2017-11-07,6.1,6.07,6.26,5.94
2017-11-08,6.07,5.78,6.16,5.76
2017-11-09,5.77,5.46,5.77,5.33
2017-11-10,5.52,5.85,6.01,5.45
2017-11-13,5.87,5.68,6.03,5.53
2017-11-14,5.69,6.11,6.18,5.62
2017-11-15,6.1,5.77,6.17,5.6
2017-11-16,5.8,6.87,6.87,5.78
2017-11-17,6.97,7.06,7.45,6.83
2017-11-20,7.03,7.62,7.78,6.76
2017-11-21,7.69,7.62,7.92,7.42
2017-11-22,7.6,7.2,7.8,7.06
2017-11-23,7.32,6.71,7.32,6.5
2017-11-24,6.71,6.56,6.91,6.42
2017-11-27,6.56,6.09,6.83,6.04
2017-11-28,6.22,6.83,6.93,6.11
2017-11-29,6.94,6.91,7.25,6.69
2017-11-30,6.94,5.79,7.01,5.7
2017-12-01,5.74,5.82,6.13,5.63
2017-12-04,5.85,6.37,6.61,5.84
2017-12-05,6.41,6.32,6.7,6.15
2017-12-06,6.32,6.82,7.01,6.32
2017-12-07,6.74,6.6,6.76,6.41
2017-12-08,6.67,7.22,7.25,6.67
2017-12-11,7.23,7.41,7.52,7.12
2017-12-12,7.36,7.24,7.36,7.13
2017-12-13,7.2,7.27,7.48,7.14
2017-12-14,7.24,7.3,7.55,7.12
2017-12-15,7.3,7.25,7.46,7.09
2017-12-18,7.33,6.86,7.35,6.8
2017-12-19,6.86,7.04,7.1,6.67
2017-12-20,7.06,7.63,7.63,6.97
2017-12-21,7.58,7.66,7.73,7.32
2017-12-22,7.55,7.59,7.73,7.35
2017-12-25,7.65,7.35,7.99,7.34
2017-12-26,7.28,7.46,7.52,6.99
2017-12-27,7.27,7.05,7.46,6.99
2017-12-28,7.13,7.24,7.39,7.05
2017-12-29,7.31,7.17,7.43,6.99
2018-01-02,7.2,7.19,7.26,6.89
2018-01-03,7.02,7.12,7.28,7.02
2018-01-04,7.12,7.11,7.12,6.92
2018-01-05,7.11,7.4,7.59,7.02
2018-01-08,7.65,8.65,8.65,7.58
2018-01-09,8.84,8.75,8.84,8.4
2018-01-10,8.63,8.68,8.88,8.45
2018-01-11,8.65,8.53,8.65,8.37
2018-01-12,8.44,8.59,8.8,8.44
2018-01-15,8.6,8.15,8.74,8.07
2018-01-16,8.18,9.23,9.48,8.18
2018-01-17,9.08,9.14,9.43,8.84
2018-01-18,9.16,8.92,9.3,8.79
2018-01-19,8.85,8.82,9.12,8.46
2018-01-22,8.77,9.21,9.35,8.76
2018-01-23,9.16,9.35,9.51,9.16
2018-01-24,9.43,9.23,9.49,9.07
2018-01-25,9.19,9.14,9.44,9.11
2018-01-26,9.16,9.14,9.17,8.85
2018-01-29,9.15,8.91,9.26,8.81
2018-01-30,8.79,8.72,9.0,8.67
2018-01-31,8.64,8.75,8.8,8.2
2018-02-01,8.71,7.51,8.71,7.36
2018-02-02,7.37,7.75,7.79,6.81
2018-02-05,7.74,7.31,8.03,6.97
2018-02-06,6.82,6.57,7.16,6.57
2018-02-07,6.79,6.1,6.96,5.7
2018-02-08,6.06,6.54,6.78,5.95
2018-02-09,6.11,6.22,6.47,5.61
2018-02-12,6.5,6.74,6.86,6.18
2018-02-13,6.74,6.67,6.99,6.51
2018-02-14,6.55,6.81,6.97,6.5
2018-02-22,6.97,7.04,7.34,6.85
2018-02-23,7.03,7.18,7.34,6.89
2018-02-26,7.13,6.6,7.13,6.29
2018-02-27,6.5,6.09,6.5,5.95
2018-02-28,6.09,6.2,6.5,5.9
2018-03-01,6.1,6.21,6.26,5.94
2018-03-02,6.11,6.18,6.25,6.08
2018-03-05,6.15,5.8,6.15,5.76
2018-03-06,5.71,5.6,5.91,4.7
2018-03-07,5.59,5.98,6.0,5.57
2018-03-08,5.98,5.98,6.14,5.82
2018-03-09,6.02,6.42,6.45,5.93
2018-03-12,6.49,6.47,6.59,6.29
2018-03-13,6.4,6.59,6.79,6.29
2018-03-14,6.56,6.27,6.56,6.24
2018-03-15,6.19,6.26,6.45,6.15
2018-03-16,6.17,6.44,6.66,6.17
2018-03-19,6.59,5.88,6.59,5.86
2018-03-20,5.65,5.97,6.26,5.65
2018-03-21,5.96,6.01,6.22,5.91
2018-03-22,6.04,5.73,6.14,5.73
2018-03-23,5.68,5.8,6.33,5.52
2018-03-26,5.83,5.79,5.89,4.74
2018-03-27,5.85,5.78,5.93,5.59
2018-03-28,5.77,5.42,5.78,5.25
2018-03-29,5.41,5.45,5.88,5.13
2018-03-30,5.44,5.4,5.56,5.35
2018-04-02,5.63,5.85,5.94,5.51
2018-04-03,5.97,6.33,6.71,5.96
2018-04-04,6.51,6.43,6.54,6.15
2018-04-09,6.43,6.04,6.5,5.87
2018-04-10,6.03,5.8,6.03,5.57
2018-04-11,5.82,6.8,6.89,5.81
2018-04-12,6.7,6.78,6.96,6.47
2018-04-13,6.71,6.82,6.86,6.57
2018-04-16,6.74,6.74,6.86,6.53
2018-04-17,6.71,6.62,6.83,6.6
2018-04-18,6.77,6.58,6.77,6.18
2018-04-19,6.71,6.42,6.77,6.36
2018-04-20,6.39,6.27,6.53,6.25
2018-04-23,6.26,5.9,6.38,5.75
2018-04-24,5.86,6.08,6.08,5.85
2018-04-25,6.04,6.0,6.12,5.92
2018-04-26,5.81,5.8,6.04,5.79
2018-04-27,5.82,5.98,6.19,5.71
2018-05-02,5.95,5.93,6.19,5.63
2018-05-03,5.85,5.99,6.03,5.82
2018-05-04,6.04,6.35,6.45,5.99
2018-05-07,6.22,6.36,6.45,6.22
2018-05-08,6.36,6.42,6.6,6.28
2018-05-09,6.42,6.51,6.73,6.36
2018-05-10,6.41,6.41,6.71,6.25
2018-05-11,6.51,6.62,6.7,6.51
2018-05-14,6.69,6.92,7.08,6.53
2018-05-15,7.01,6.95,7.07,6.76
2018-05-16,6.95,7.0,7.1,6.74
2018-05-17,7.01,7.06,7.3,6.93
2018-05-18,7.1,7.34,7.38,7.01
2018-05-21,7.21,6.66,7.21,6.57
2018-05-22,6.69,7.31,7.39,6.66
2018-05-23,7.38,7.16,7.59,7.12
2018-05-24,7.11,7.45,7.71,7.11
2018-05-25,7.55,7.73,7.94,7.48
2018-05-28,7.89,7.55,8.08,7.28
2018-05-29,7.5,7.08,7.5,6.98
2018-05-30,7.04,7.07,7.25,6.79
2018-05-31,7.06,7.13,7.36,6.89
2018-06-01,7.14,6.92,7.32,6.77
2018-06-04,6.92,6.71,6.99,6.39
2018-06-05,6.63,6.92,6.94,6.63
2018-06-06,6.9,7.03,7.14,6.68
2018-06-07,6.97,6.9,6.97,6.75
2018-06-08,6.95,6.63,6.95,6.49
2018-06-11,6.61,6.55,6.63,6.39
2018-06-12,6.54,6.58,6.63,6.43
2018-06-13,6.52,6.61,6.87,6.51
2018-06-14,6.55,6.43,6.64,6.41
2018-06-15,6.46,6.22,6.59,5.99
2018-06-19,6.22,5.79,6.49,5.58
2018-06-20,5.69,5.78,5.84,5.6
2018-06-21,5.83,5.35,5.85,5.34
2018-06-22,5.35,5.36,5.4,4.84
2018-06-25,5.39,5.04,5.41,5.02
2018-06-26,4.87,4.75,4.98,4.65
2018-06-27,4.89,5.03,5.59,4.89
2018-06-28,5.05,4.96,5.4,4.8
2018-06-29,4.96,5.21,5.22,4.87
2018-07-02,5.22,5.16,5.33,5.08
2018-07-03,5.07,4.81,5.16,4.49
2018-07-04,4.81,4.4,4.95,4.29
2018-07-05,4.48,4.09,4.69,4.0
2018-07-06,4.22,4.2,4.32,3.97
2018-07-09,4.63,4.96,5.06,4.45
2018-07-10,4.78,5.32,5.44,4.78
2018-07-11,5.08,5.71,5.94,4.91
2018-07-12,5.71,5.64,5.87,5.5
2018-07-13,5.51,5.81,5.92,5.51
2018-07-16,5.79,6.19,6.2,5.74
2018-07-17,6.16,6.32,6.41,6.0
2018-07-18,6.29,6.18,6.4,6.17
2018-07-19,6.17,6.27,6.34,5.83
2018-07-20,6.27,6.06,6.38,5.98
2018-07-23,6.19,6.77,6.83,6.19
2018-07-24,6.77,6.63,6.79,6.51
2018-07-25,6.55,6.45,6.61,6.32
2018-07-26,6.5,6.48,6.59,6.34
2018-07-27,6.38,6.02,6.45,6.0
2018-07-30,6.13,6.0,6.29,5.94
2018-07-31,6.13,6.22,6.33,6.08
2018-08-01,6.22,5.88,6.34,5.85
2018-08-02,5.94,5.88,6.06,5.61
2018-08-03,6.0,6.42,6.76,6.0
2018-08-06,6.29,5.42,6.34,5.32
2018-08-07,5.28,5.42,5.61,4.87
2018-08-08,5.35,5.09,5.39,5.08
2018-08-09,5.08,5.24,5.4,4.92
2018-08-10,5.24,5.58,5.78,5.23
2018-08-13,5.45,5.63,5.81,5.32
2018-08-14,5.66,5.63,5.71,5.42
2018-08-15,5.58,5.53,5.71,5.47
2018-08-16,5.4,4.93,5.44,4.86
2018-08-17,4.61,4.41,5.16,4.29
2018-08-20,4.32,3.9,4.32,3.56
2018-08-21,3.98,4.29,4.33,3.98
2018-08-22,4.34,4.33,4.56,4.18
2018-08-23,4.48,4.42,4.61,4.25
2018-08-24,4.38,4.48,4.55,3.94
2018-08-27,4.53,4.66,4.86,4.26
2018-08-28,4.68,4.64,4.74,4.58
2018-08-29,4.63,4.68,4.76,4.59
2018-08-30,4.57,4.57,4.71,4.56
2018-08-31,4.49,4.64,4.65,4.45
2018-09-03,4.64,4.61,4.65,4.37
2018-09-04,4.6,4.49,4.6,4.33
2018-09-05,4.49,4.23,4.49,4.2
2018-09-06,4.32,4.49,4.55,4.24
2018-09-07,4.49,4.61,4.75,4.48
2018-09-10,4.68,4.84,4.89,4.55
2018-09-11,4.84,4.84,4.85,4.59
2018-09-12,4.77,4.66,4.82,4.61
2018-09-13,4.69,4.6,4.74,4.53
2018-09-14,4.59,4.63,4.69,4.53
2018-09-17,4.23,3.98,4.39,3.89
2018-09-18,3.89,4.16,4.22,3.89
2018-09-19,4.16,4.42,4.54,4.15
2018-09-20,4.45,4.48,4.74,4.42
2018-09-21,4.57,4.56,4.65,4.36
2018-09-25,4.55,4.87,5.05,4.43
2018-09-26,4.9,5.45,5.58,4.9
2018-09-27,5.42,5.44,5.65,5.2
2018-09-28,5.41,5.45,5.56,5.28
2018-10-08,5.45,5.51,5.71,5.29
2018-10-09,5.34,5.53,5.58,5.34
2018-10-10,5.54,5.68,5.79,5.5
2018-10-11,5.45,5.3,5.68,5.29
2018-10-12,5.29,5.71,5.74,5.19
2018-10-15,5.69,5.56,5.75,5.41
2018-10-16,5.56,5.33,5.64,5.23
2018-10-17,5.26,5.46,5.56,5.26
2018-10-18,5.37,5.11,5.46,5.08
2018-10-19,5.03,5.08,5.27,4.61
2018-10-22,5.16,5.19,5.5,5.14
2018-10-23,5.16,4.73,5.35,4.7
2018-10-24,4.8,4.99,5.12,4.74
2018-10-25,4.81,4.99,5.07,4.74
2018-10-26,5.01,4.83,5.07,4.8
2018-10-29,4.74,4.49,4.88,4.47
2018-10-30,4.46,4.5,4.64,4.2
2018-10-31,4.5,4.61,4.71,4.37
2018-11-01,4.76,4.4,4.76,4.32
2018-11-02,4.58,4.7,4.73,4.49
2018-11-05,4.7,4.9,4.91,4.58
2018-11-06,5.03,5.32,5.34,4.9
2018-11-07,5.22,5.56,5.64,5.11
2018-11-08,5.58,5.87,5.91,5.46
2018-11-09,5.75,5.69,5.91,5.58
2018-11-12,5.7,5.73,5.89,5.53
2018-11-13,5.65,5.77,5.86,5.62
2018-11-14,5.75,5.71,5.78,5.65
2018-11-15,5.75,5.79,5.88,5.69
2018-11-16,5.86,5.92,5.96,5.66
2018-11-19,5.92,5.58,5.92,5.42
2018-11-20,5.52,5.28,5.52,5.1
2018-11-21,5.1,5.5,5.56,5.08
2018-11-22,5.48,5.29,5.58,5.2
2018-11-23,5.25,5.21,5.48,5.09
2018-11-26,5.15,5.24,5.43,5.15
2018-11-27,5.34,5.2,5.39,5.04
2018-11-28,5.13,5.38,5.47,4.98
2018-11-29,5.38,5.78,5.95,5.38
2018-11-30,5.79,6.34,6.39,5.79
2018-12-03,6.31,6.61,6.97,6.05
2018-12-04,6.48,7.01,7.05,6.48
2018-12-05,6.88,7.64,7.85,6.79
2018-12-06,7.69,7.65,7.8,7.34
2018-12-07,7.55,7.44,7.58,7.06
2018-12-10,7.51,7.38,7.58,7.18
2018-12-11,7.43,7.07,7.45,6.89
2018-12-12,7.14,7.03,7.17,6.9
2018-12-13,7.09,7.18,7.3,6.77
2018-12-14,7.15,6.75,7.24,6.71
2018-12-17,6.8,6.59,6.88,6.48
2018-12-18,6.68,6.68,6.84,6.53
2018-12-19,6.67,6.21,6.71,6.17
2018-12-20,6.26,6.61,6.65,6.25
2018-12-21,6.55,6.41,6.65,6.34
2018-12-24,6.46,7.24,7.31,6.35
2018-12-25,7.03,7.11,7.34,7.01
2018-12-26,7.11,7.07,7.47,7.03
2018-12-27,7.26,6.91,7.26,6.81
2018-12-28,6.81,7.07,7.16,6.8
2019-01-02,7.05,7.18,7.39,6.81
2019-01-03,7.32,7.01,7.46,6.95
2019-01-04,6.95,7.51,7.71,6.94
2019-01-07,7.51,8.24,8.32,7.34
2019-01-08,8.02,8.05,8.29,7.82
2019-01-09,8.05,7.85,8.29,7.82
2019-01-10,7.89,7.61,7.89,7.58
2019-01-11,7.68,7.69,8.06,7.62
2019-01-14,7.72,7.72,8.18,7.71
2019-01-15,7.78,7.61,7.79,7.36
2019-01-16,7.59,7.53,7.85,7.45
2019-01-17,7.58,7.52,7.66,7.39
2019-01-18,7.5,8.77,8.77,7.5
2019-01-21,8.86,8.2,8.86,8.17
2019-01-22,8.11,8.28,8.57,7.99
2019-01-23,8.29,8.57,8.72,8.16
2019-01-24,8.52,8.68,8.77,8.44
2019-01-25,8.68,8.52,8.72,8.27
2019-01-28,8.6,8.55,8.71,8.25
2019-01-29,8.52,9.15,9.21,8.46
2019-01-30,9.07,8.98,9.61,8.88
2019-01-31,9.04,9.51,9.6,8.94
2019-02-01,9.52,9.51,9.78,9.4
2019-02-11,9.6,10.96,10.96,9.59
2019-02-12,11.17,11.21,11.33,10.87
2019-02-13,11.15,11.32,11.66,10.93
2019-02-14,11.17,11.16,11.37,10.96
2019-02-15,11.13,12.77,12.77,11.01
2019-02-18,12.79,13.31,14.31,12.77
2019-02-19,13.31,14.03,14.91,12.83
2019-02-20,14.15,14.21,14.93,13.42
2019-02-21,14.18,14.86,16.09,13.82
2019-02-22,14.74,14.98,15.31,14.26
2019-02-25,14.78,14.28,14.93,13.5
2019-02-26,14.04,15.17,15.83,13.63
2019-02-27,14.89,14.35,15.41,14.02
2019-02-28,14.11,13.81,14.94,13.44
2019-03-01,14.11,14.32,14.68,13.87
2019-03-04,15.53,16.25,16.25,14.9
2019-03-05,17.09,17.39,18.38,16.38
2019-03-06,17.21,17.39,18.03,16.71
2019-03-07,17.67,16.65,17.78,16.21
2019-03-08,16.19,17.93,18.64,15.58
2019-03-11,18.9,17.97,19.35,17.13
2019-03-12,17.43,18.67,19.67,17.05
2019-03-13,18.52,16.47,19.08,16.36
2019-03-14,16.25,15.9,16.26,14.95
2019-03-15,16.84,17.25,17.46,16.27
2019-03-18,18.44,19.48,19.48,17.94
2019-03-19,19.78,19.44,20.03,19.06
2019-03-20,19.36,18.46,19.49,17.19
2019-03-21,18.09,18.42,18.8,17.61
2019-03-22,18.48,17.95,18.8,16.67
2019-03-25,17.05,17.43,18.02,16.92
2019-03-26,17.93,18.14,18.99,17.75
2019-03-27,17.92,18.42,18.87,17.18
2019-03-28,18.2,20.13,20.75,18.12
2019-03-29,20.18,21.59,22.47,20.03
2019-04-01,22.3,24.25,24.25,22.28
2019-04-02,24.67,23.43,25.25,22.64
2019-04-03,22.93,23.13,23.42,22.58
2019-04-04,22.72,24.33,25.43,22.72
2019-04-08,24.61,23.31,24.61,22.93
2019-04-09,22.94,23.01,23.4,22.63
2019-04-10,22.98,22.81,23.55,22.51
2019-04-11,22.68,23.05,23.52,22.1
2019-04-12,23.09,23.61,24.82,22.52
2019-04-15,23.68,23.7,25.37,22.93
2019-04-16,23.3,23.23,24.26,22.09
2019-04-17,23.27,24.09,24.74,22.97
2019-04-18,23.56,23.23,24.64,23.14
2019-04-19,23.14,22.85,23.35,22.65
2019-04-22,23.02,23.44,24.09,22.98
2019-04-23,23.52,23.09,24.11,22.81
2019-04-24,23.44,23.77,24.05,22.72
2019-04-25,23.9,24.97,26.27,23.65
2019-04-26,24.36,22.65,24.71,22.59
2019-04-29,22.3,20.87,22.64,20.86
2019-04-30,20.84,21.92,22.53,20.63
2019-05-06,20.62,20.24,22.2,19.78
2019-05-07,20.98,20.62,21.59,19.12
2019-05-08,20.2,19.34,20.32,18.32
2019-05-09,19.15,19.95,20.29,19.15
2019-05-10,20.46,20.85,21.28,20.09
2019-05-13,20.91,20.17,20.91,20.07
2019-05-14,20.2,20.07,20.77,19.63
2019-05-15,20.32,20.48,20.67,20.05
2019-05-16,20.62,20.88,21.33,20.54
2019-05-17,21.02,20.16,21.52,20.03
2019-05-20,19.98,18.38,19.98,18.11
2019-05-21,18.69,19.61,19.74,18.6
2019-05-22,19.45,19.45,20.35,19.21
2019-05-23,19.49,18.4,19.91,18.3
2019-05-24,18.4,17.73,18.94,17.13
2019-05-27,18.1,19.7,19.94,17.91
2019-05-28,20.19,20.8,21.03,19.79
2019-05-29,20.29,19.87,20.69,19.69
2019-05-30,20.21,20.52,21.02,19.48
2019-05-31,20.57,21.61,21.74,19.7
2019-06-03,22.3,22.36,23.69,21.48
2019-06-04,21.97,22.03,22.93,21.13
2019-06-05,21.55,21.04,22.01,20.91
2019-06-06,20.21,19.37,20.32,19.03
2019-06-10,19.42,19.36,19.57,18.39
2019-06-11,19.49,20.87,20.87,19.29
2019-06-12,20.41,20.66,21.14,20.33
2019-06-13,21.04,21.04,21.37,20.35
2019-06-14,20.71,20.95,21.34,20.63
2019-06-17,21.09,20.36,22.03,20.08
2019-06-18,20.63,21.23,21.34,20.03
2019-06-19,22.51,21.02,22.55,20.87
2019-06-20,21.0,20.77,21.04,20.18
2019-06-21,20.52,19.68,20.69,19.36
2019-06-24,19.36,20.11,20.38,18.97
2019-06-25,19.76,19.46,20.03,19.16
2019-06-26,19.16,19.36,19.64,18.96
2019-06-27,19.34,19.57,19.72,19.19
2019-06-28,19.58,19.69,19.75,19.46
2019-07-01,19.87,20.75,20.95,19.35
2019-07-02,20.78,21.63,21.8,20.62
2019-07-03,21.46,20.58,21.77,20.43
2019-07-04,20.8,19.79,20.81,19.65
2019-07-05,20.0,20.66,20.9,19.82
2019-07-08,21.06,21.45,21.74,20.76
2019-07-09,21.08,22.24,22.53,20.77
2019-07-10,22.19,22.18,23.05,21.82
2019-07-11,22.32,22.39,22.72,21.83
2019-07-12,22.48,22.42,22.69,21.84
2019-07-15,22.49,23.97,24.37,22.24
2019-07-16,23.92,23.72,24.33,23.58
2019-07-17,23.96,24.5,26.1,23.63
2019-07-18,24.49,24.63,25.19,24.0
2019-07-19,24.55,25.16,25.2,24.31
2019-07-22,25.02,24.7,25.85,24.2
2019-07-23,24.42,24.54,24.98,23.97
2019-07-24,24.55,24.72,24.93,24.26
2019-07-25,24.57,25.14,25.22,24.46
2019-07-26,24.98,25.07,25.47,24.59
2019-07-29,25.06,26.95,27.03,24.58
2019-07-30,26.94,27.43,27.76,26.57
2019-07-31,27.24,27.2,27.87,27.05
2019-08-01,27.0,27.53,28.11,26.99
2019-08-02,27.09,27.87,28.0,27.09
2019-08-05,28.25,27.62,28.86,27.49
2019-08-06,26.01,26.63,27.22,25.1
2019-08-07,26.99,26.66,27.95,26.44
2019-08-08,26.94,26.81,27.34,26.39
2019-08-09,27.06,25.58,27.07,25.52
2019-08-12,25.5,25.87,26.69,24.69
2019-08-13,25.9,25.56,26.32,25.48
2019-08-14,25.89,25.38,25.89,25.2
2019-08-15,24.91,25.41,25.6,24.61
2019-08-16,25.52,26.57,27.13,25.27
2019-08-19,26.76,24.99,26.9,23.41
2019-08-20,24.42,24.61,25.09,24.15
2019-08-21,24.59,24.5,24.84,24.42
2019-08-22,24.36,24.91,25.22,24.0
2019-08-23,25.05,24.35,25.05,24.21
2019-08-26,24.08,24.97,25.01,24.05
2019-08-27,26.11,27.92,27.96,25.78
2019-08-28,28.16,28.93,29.56,27.49
2019-08-29,28.98,28.76,29.57,28.37
2019-08-30,28.76,28.79,29.67,28.21
2019-09-02,28.86,28.74,29.47,28.0
2019-09-03,29.04,29.05,29.63,28.66
2019-09-04,28.63,28.69,29.33,28.43
2019-09-05,29.05,29.63,29.88,28.42
2019-09-06,29.42,26.95,29.45,26.44
2019-09-09,27.02,25.68,27.03,25.05
2019-09-10,25.65,25.69,26.31,25.39
2019-09-11,25.17,24.34,25.6,24.34
2019-09-12,24.42,24.55,24.63,23.76
2019-09-16,24.8,25.26,25.75,24.51
2019-09-17,25.17,25.39,25.75,25.11
2019-09-18,25.39,25.3,25.49,25.06
2019-09-19,25.35,26.52,26.56,24.93
2019-09-20,26.27,26.51,26.82,26.06
2019-09-23,26.32,25.46,26.43,25.39
2019-09-24,25.37,24.21,25.37,24.01
2019-09-25,24.21,24.26,24.62,23.95
2019-09-26,24.26,21.33,24.53,21.33
2019-09-27,21.7,23.58,23.83,21.7
2019-09-30,23.65,24.63,25.02,23.58
2019-10-08,25.94,26.59,26.73,25.05
2019-10-09,26.86,26.95,27.11,26.23
2019-10-10,27.2,29.47,29.83,26.99
2019-10-11,29.13,29.59,30.16,28.92
2019-10-14,29.59,29.95,30.1,28.67
2019-10-15,29.47,30.22,30.9,29.37
2019-10-16,30.1,29.61,30.22,29.47
2019-10-17,29.8,29.91,30.46,29.34
2019-10-18,30.01,31.69,32.26,29.68
2019-10-21,32.2,32.1,33.12,31.82
2019-10-22,32.2,32.74,32.95,31.29
2019-10-23,32.69,32.57,33.0,32.24
2019-10-24,32.8,33.11,33.5,32.24
2019-10-25,33.66,36.92,36.92,32.87
2019-10-28,36.11,36.94,38.54,35.56
2019-10-29,36.99,37.46,38.54,36.44
2019-10-30,37.15,37.11,38.12,35.77
2019-10-31,37.45,36.4,37.69,35.8
2019-11-01,35.62,34.78,35.77,33.79
2019-11-04,34.44,35.21,35.47,34.23
2019-11-05,35.21,36.65,36.65,35.14
2019-11-06,36.66,34.84,36.67,33.58
2019-11-07,34.51,35.21,36.22,34.09
2019-11-08,35.21,34.1,35.53,33.93
2019-11-11,33.75,34.46,35.45,33.67
2019-11-12,34.34,35.35,35.97,34.34
2019-11-13,35.34,34.56,35.93,34.21
2019-11-14,35.01,34.91,35.12,34.0
2019-11-15,34.51,33.16,34.51,32.87
2019-11-18,32.96,33.91,34.32,31.72
2019-11-19,34.26,35.21,35.29,34.1
2019-11-20,35.35,33.88,35.45,33.75
2019-11-21,33.92,34.31,34.74,33.64
2019-11-22,34.59,33.67,35.08,33.1
2019-11-25,33.71,32.5,34.0,32.19
2019-11-26,33.02,33.25,33.36,32.39
2019-11-27,33.19,32.8,33.62,32.59
2019-11-28,32.84,33.04,33.66,32.13
2019-11-29,33.11,31.48,33.25,31.11
2019-12-02,32.7,32.9,33.82,32.45
2019-12-03,33.11,32.81,34.24,32.49
2019-12-04,32.79,33.08,33.16,32.11
2019-12-05,33.42,33.0,33.45,32.72
2019-12-06,33.25,33.31,34.38,33.13
2019-12-09,33.2,32.28,33.31,31.86
2019-12-10,31.53,30.31,31.53,29.93
2019-12-11,30.1,29.61,30.48,29.52
2019-12-12,30.16,29.72,30.46,29.66
2019-12-13,29.63,29.99,30.26,28.58
2019-12-16,30.1,29.84,30.2,29.22
2019-12-17,29.83,30.21,30.69,29.47
2019-12-18,29.94,29.43,30.39,29.42
2019-12-19,29.42,29.32,29.69,28.95
2019-12-20,29.26,29.95,30.09,29.08
2019-12-23,30.01,28.7,30.26,28.63
2019-12-24,28.7,28.11,29.0,27.74
2019-12-25,28.14,27.86,28.39,27.79
2019-12-26,28.08,27.69,28.15,27.47
2019-12-27,28.12,29.87,29.96,27.88
2019-12-30,30.01,30.77,30.82,29.13
2019-12-31,30.81,32.32,33.04,30.8
2020-01-02,32.85,33.59,34.03,32.83
2020-01-03,33.83,33.16,34.37,32.46
2020-01-06,32.66,32.98,33.38,32.62
2020-01-07,33.04,34.42,34.92,32.98
2020-01-08,34.6,34.88,35.5,33.95
2020-01-09,34.84,34.3,35.17,34.09
2020-01-10,34.26,33.16,34.27,32.89
2020-01-13,33.11,33.41,33.92,32.74
2020-01-14,33.48,33.17,33.83,32.88
2020-01-15,34.92,32.69,34.93,32.32
2020-01-16,32.69,33.04,33.82,32.02
2020-01-17,33.07,32.33,33.32,32.03
2020-01-20,32.35,33.18,33.45,31.44
2020-01-21,33.06,32.2,33.24,32.16
2020-01-22,31.94,31.17,31.94,30.04
2020-01-23,30.26,29.33,30.91,28.9
2020-02-03,25.9,25.94,27.18,25.9
2020-02-04,26.54,29.03,29.03,26.53
2020-02-05,29.89,29.44,30.68,29.28
2020-02-06,30.72,32.88,32.88,29.51
2020-02-07,32.37,33.86,34.64,31.29
2020-02-10,33.87,36.7,37.7,33.87
2020-02-11,36.7,37.03,38.29,36.7
2020-02-12,37.03,36.29,37.32,35.94
2020-02-13,36.48,36.26,36.87,35.43
2020-02-14,36.95,39.55,39.77,36.95
2020-02-17,39.55,39.32,40.33,38.59
2020-02-18,38.71,39.66,39.87,38.34
2020-02-19,39.97,40.31,42.04,39.97
2020-02-20,41.13,40.48,41.44,39.98
2020-02-21,40.39,41.42,42.4,39.72
2020-02-24,40.81,41.89,42.7,40.18
2020-02-25,41.27,45.42,45.85,41.11
2020-02-26,45.4,43.75,46.27,43.34
2020-02-27,43.75,44.84,46.86,42.91
2020-02-28,42.96,43.96,45.94,42.96
2020-03-02,43.54,45.43,46.9,43.52
2020-03-03,46.2,45.26,46.61,45.12
2020-03-04,44.81,46.15,47.11,44.81
2020-03-05,46.69,48.21,49.63,46.22
2020-03-06,47.32,48.79,51.02,47.32
2020-03-09,48.79,51.1,53.8,48.25
2020-03-10,51.37,49.76,52.58,47.97
2020-03-11,49.63,48.57,51.3,47.6
2020-03-12,47.62,46.19,48.36,45.43
2020-03-13,43.58,46.53,47.74,43.55
2020-03-16,47.2,42.91,47.23,41.58
2020-03-17,44.0,42.92,44.73,40.63
2020-03-18,43.75,44.39,47.62,43.6
2020-03-19,44.43,45.49,45.85,43.12
2020-03-20,46.32,44.05,46.75,43.38
2020-03-23,41.9,41.86,43.06,41.02
2020-03-24,43.33,43.24,43.75,42.0
2020-03-25,44.76,44.75,45.43,43.79
2020-03-26,44.09,44.59,45.52,43.78
2020-03-27,44.97,43.05,45.02,42.99
2020-03-30,42.2,43.12,43.68,42.07
2020-03-31,43.54,46.36,46.52,43.21
2020-04-01,46.69,45.98,47.11,45.23
2020-04-02,46.28,45.66,46.68,44.84
2020-04-03,45.24,46.63,47.65,45.02
2020-04-07,47.49,48.92,49.09,46.27
2020-04-08,48.79,46.82,49.13,46.36
2020-04-09,46.69,47.24,47.66,45.23
2020-04-10,46.95,47.07,48.26,46.59
2020-04-13,46.61,46.9,48.06,46.22
2020-04-14,47.48,47.35,48.38,46.87
2020-04-15,47.11,46.13,47.66,46.03
2020-04-16,45.9,45.13,46.27,44.72
2020-04-17,45.43,47.1,47.47,45.01
2020-04-20,46.91,47.16,47.64,46.48
2020-04-21,47.03,46.91,47.3,46.14
2020-04-22,46.69,48.15,48.92,46.53
2020-04-23,48.21,48.8,50.34,48.21
2020-04-24,49.31,48.96,49.59,48.21
2020-04-27,50.04,50.98,52.39,48.98
2020-04-28,51.32,51.19,51.73,49.63
2020-04-29,51.02,49.17,51.18,48.88
2020-04-30,49.38,48.54,49.48,47.79
2020-05-06,47.48,47.03,47.93,46.61
2020-05-07,46.97,46.97,48.11,46.69
2020-05-08,47.08,46.82,47.24,45.94
2020-05-11,46.27,44.0,46.4,43.68
2020-05-12,43.54,43.76,44.51,43.46
2020-05-13,43.8,43.46,44.0,42.84
2020-05-14,43.37,42.42,43.37,42.13
2020-05-15,42.83,42.91,43.32,42.24
2020-05-18,43.29,45.14,45.41,43.29
2020-05-19,45.43,44.13,45.8,43.58
2020-05-20,43.75,42.62,43.75,42.23
2020-05-21,42.96,43.16,43.74,41.99
2020-05-22,43.34,43.99,45.09,42.74
2020-05-25,44.54,45.25,45.96,44.54
2020-05-26,45.43,44.29,45.64,43.81
2020-05-27,44.05,43.31,44.17,42.91
2020-05-28,43.75,43.46,44.09,42.93
2020-05-29,43.05,45.51,45.6,43.05
2020-06-01,45.65,45.43,46.49,44.72
2020-06-02,45.43,46.13,47.53,45.43
2020-06-03,46.79,45.55,47.32,45.23
2020-06-04,45.67,46.43,46.43,44.61
2020-06-05,46.43,44.66,46.44,44.62
2020-06-08,45.46,44.9,45.53,44.17
2020-06-09,45.05,44.82,45.59,44.46
2020-06-10,44.82,44.97,46.19,44.62
2020-06-11,44.82,42.46,44.82,42.27
2020-06-12,42.0,42.89,43.02,41.8
2020-06-15,43.82,44.69,45.77,43.81
2020-06-16,45.24,44.5,45.27,43.52
2020-06-17,44.39,45.24,45.7,43.82
2020-06-18,45.55,46.75,47.52,45.44
2020-06-19,47.17,48.77,49.09,46.55
2020-06-22,48.89,49.49,50.53,47.97
2020-06-23,49.56,49.52,50.0,48.82
2020-06-24,49.61,48.96,50.79,48.79
2020-06-29,49.89,50.96,51.67,49.44
2020-06-30,51.04,53.82,53.9,50.96
2020-07-01,54.28,54.73,56.67,54.0
2020-07-02,54.8,53.46,55.53,52.77
2020-07-03,53.08,54.38,54.46,51.35
2020-07-06,54.89,58.09,58.37,54.89
2020-07-07,61.46,57.39,61.46,57.33
2020-07-08,57.44,57.99,59.0,57.1
2020-07-09,57.74,60.07,60.74,57.44
2020-07-10,59.03,59.11,60.02,58.46
2020-07-13,59.12,62.12,62.82,59.11
2020-07-14,62.16,64.03,64.3,60.6
2020-07-15,64.03,64.12,65.97,62.39
2020-07-16,64.17,59.54,64.89,59.53
2020-07-17,59.53,62.73,62.73,59.53
2020-07-20,63.82,64.52,65.96,63.1
2020-07-21,64.82,63.51,64.84,61.8
2020-07-22,63.03,62.04,63.77,61.82
2020-07-23,61.64,60.97,62.35,59.64
2020-07-24,60.82,58.99,62.82,57.74
2020-07-27,60.24,57.5,60.94,56.81
2020-07-28,58.25,59.7,60.09,57.96
2020-07-29,59.7,60.32,60.38,58.46
2020-07-30,60.17,60.27,61.59,59.81
2020-07-31,60.27,60.59,61.2,59.17
2020-08-03,60.96,61.97,63.49,60.94
2020-08-04,61.46,61.74,62.74,61.11
2020-08-05,62.32,62.89,63.1,61.15
2020-08-06,63.89,61.67,64.49,61.12
2020-08-07,60.87,60.12,61.8,59.23
2020-08-10,59.97,60.78,60.78,59.25
2020-08-11,60.6,62.34,64.43,60.6
2020-08-12,62.48,61.46,62.94,59.74
2020-08-13,61.53,60.96,62.86,60.76
2020-08-14,60.97,61.16,61.57,60.1
2020-08-17,61.15,60.75,61.94,60.42
2020-08-18,60.95,60.37,61.24,60.24
2020-08-19,60.46,59.24,60.67,59.23
2020-08-20,59.21,59.39,59.88,58.12
2020-08-21,59.62,59.34,59.87,58.85
2020-08-24,59.9,60.02,60.78,59.74
2020-08-25,60.25,59.67,60.48,59.59
2020-08-26,60.23,58.96,60.46,58.46
2020-08-27,58.92,58.53,58.92,57.85
2020-08-28,58.53,59.34,59.51,58.37
2020-08-31,57.8,57.96,58.65,56.29
2020-09-01,57.89,58.76,58.79,57.53
2020-09-02,59.04,59.02,61.67,58.82
2020-09-03,58.96,58.12,58.96,57.69
2020-09-04,57.04,57.71,58.0,56.67
2020-09-07,57.39,54.4,58.09,53.82
2020-09-08,54.4,54.37,54.99,53.17
2020-09-09,53.74,51.96,53.74,51.74
2020-09-10,53.1,51.82,53.57,51.54
2020-09-11,52.39,51.18,52.71,50.59
2020-09-14,52.02,51.05,52.95,50.49
2020-09-15,51.1,51.47,51.59,50.29
2020-09-16,51.09,49.14,51.35,47.24
2020-09-17,48.82,48.17,48.91,47.11
2020-09-18,48.1,49.03,49.64,47.97
2020-09-21,49.03,47.98,49.04,47.42
2020-09-22,48.1,47.32,48.52,47.16
2020-09-23,47.32,48.47,48.73,47.14
2020-09-24,48.39,47.89,48.69,47.62
2020-09-25,48.24,48.07,48.85,47.79
2020-09-28,48.24,45.72,48.38,45.61
2020-09-29,46.98,48.1,48.31,46.07
2020-09-30,48.3,48.1,48.94,47.5
2020-10-09,48.81,47.09,48.81,46.68
2020-10-12,47.37,49.41,49.72,47.06
2020-10-13,49.52,53.35,53.74,48.83
2020-10-14,52.74,50.96,53.16,50.83
2020-10-15,50.6,49.74,50.65,49.09
2020-10-16,49.88,48.99,49.98,48.69
2020-10-19,49.24,48.24,50.1,47.97
2020-10-20,48.46,48.74,48.9,47.63
2020-10-21,48.74,47.42,48.75,47.29
2020-10-22,47.46,46.13,47.64,45.97
2020-10-23,45.96,44.54,46.27,44.46
2020-10-26,44.54,45.57,46.02,43.58
2020-10-27,45.56,46.24,46.37,45.32
2020-10-28,46.37,45.49,46.74,45.49
2020-10-29,44.97,46.67,47.24,44.6
2020-10-30,46.6,45.87,47.24,45.82
2020-11-02,46.04,46.6,47.56,46.03
2020-11-03,46.72,46.41,47.24,46.12
2020-11-04,46.24,46.07,46.96,45.6
2020-11-05,46.15,46.59,47.09,46.07
2020-11-06,46.92,45.72,46.92,45.04
2020-11-09,45.6,46.42,46.86,45.21
2020-11-10,46.44,45.84,46.59,45.51
2020-11-11,45.54,45.58,46.23,45.43
2020-11-12,45.44,43.89,45.55,43.61
2020-11-13,43.9,45.3,45.46,43.62
2020-11-16,45.69,47.27,47.35,45.11
2020-11-17,47.08,46.92,47.8,46.53
2020-11-18,47.03,47.1,47.35,46.17
2020-11-19,47.31,48.95,49.72,46.82
2020-11-20,48.67,47.37,48.82,46.67
2020-11-23,47.17,46.67,47.19,46.02
2020-11-24,46.32,46.97,47.74,46.11
2020-11-25,46.99,47.09,47.53,46.67
2020-11-26,47.46,48.82,49.03,47.24
2020-11-27,49.8,50.37,51.67,49.8
2020-11-30,51.32,50.24,51.57,50.24
2020-12-01,50.24,51.14,51.44,50.17
2020-12-02,51.6,51.83,52.36,50.99
2020-12-03,52.18,51.72,52.23,51.04
2020-12-04,51.6,51.06,52.01,50.52
2020-12-07,50.87,51.51,51.53,50.17
2020-12-08,51.63,51.12,52.03,51.1
2020-12-09,51.32,49.94,51.67,49.81
2020-12-10,49.78,48.82,50.19,48.82
2020-12-11,48.88,47.89,49.09,47.17
2020-12-14,48.82,48.71,49.17,47.58
2020-12-15,48.81,48.86,49.13,47.99
2020-12-16,48.89,48.48,49.21,47.85
2020-12-17,48.47,48.62,48.96,48.24
2020-12-18,48.82,47.54,48.96,47.44
2020-12-21,47.07,48.1,48.1,46.32
2020-12-22,47.64,46.21,47.92,46.13
2020-12-23,46.18,46.66,46.89,45.52
2020-12-24,46.66,49.28,49.29,46.17
2020-12-25,48.82,48.34,49.22,48.22
2020-12-28,48.45,50.6,50.67,48.24
2020-12-29,50.61,49.85,50.8,49.35
2020-12-30,49.75,49.72,50.56,49.35
2020-12-31,49.35,50.32,51.17,49.35
2021-01-04,52.74,55.82,55.82,52.38
2021-01-05,58.38,61.88,61.88,58.1
2021-01-06,64.89,63.82,66.23,61.88
2021-01-07,63.43,65.15,65.15,61.24
2021-01-08,65.96,64.3,65.96,62.69
2021-01-11,63.1,58.82,63.1,58.06
2021-01-12,58.82,59.7,59.88,58.18
2021-01-13,59.71,58.45,60.03,57.12
2021-01-14,58.46,55.16,59.02,54.99
2021-01-15,55.94,53.96,56.53,53.1
2021-01-18,55.25,54.84,55.66,53.85
2021-01-19,54.84,53.88,54.89,53.25
2021-01-20,53.47,54.21,55.12,53.23
2021-01-21,54.52,54.94,55.53,53.6
2021-01-22,54.96,53.81,55.0,52.74
2021-01-25,53.82,53.43,54.46,53.1
2021-01-26,55.29,57.67,59.25,53.97
2021-01-27,58.17,61.54,62.84,58.17
2021-01-28,60.25,61.55,63.41,58.44
2021-01-29,61.57,58.74,62.32,58.59
2021-02-01,60.24,64.52,64.53,59.13
2021-02-02,65.6,64.86,66.17,63.57
2021-02-03,63.82,71.69,71.82,63.13
2021-02-04,70.96,71.34,72.59,68.83
2021-02-05,72.39,71.34,78.1,70.92
2021-02-08,74.67,78.39,78.67,74.39
2021-02-09,78.1,79.17,80.27,77.16
2021-02-10,78.26,84.21,85.59,77.49
2021-02-18,86.92,80.1,86.96,78.66
2021-02-19,79.51,85.89,88.52,79.49
2021-02-22,87.59,84.49,88.82,83.17
2021-02-23,82.84,82.3,86.07,80.84
2021-02-24,81.25,82.34,87.74,81.25
2021-02-25,83.82,84.31,85.44,81.42
2021-02-26,81.11,76.6,82.03,76.6
2021-03-01,78.82,80.16,81.35,78.39
2021-03-02,81.67,80.4,81.92,78.25
2021-03-03,80.88,81.67,81.89,79.89
2021-03-04,80.94,79.82,80.95,77.74
2021-03-05,78.46,75.89,78.67,74.32
2021-03-08,79.55,73.96,80.94,73.82
2021-03-09,73.46,70.84,74.39,70.5
2021-03-10,72.57,70.71,72.99,70.24
2021-03-11,72.02,71.79,72.5,69.53
2021-03-12,72.39,72.15,72.72,70.27
2021-03-15,70.24,69.4,71.92,68.12
2021-03-16,69.53,67.72,71.1,67.04
2021-03-17,70.25,73.47,74.66,69.92
2021-03-18,73.74,73.77,74.07,71.49
2021-03-19,72.24,70.21,72.82,68.74
2021-03-22,68.81,70.2,70.2,67.62
2021-03-23,70.96,68.28,71.14,67.53
2021-03-24,68.67,67.36,68.94,67.12
2021-03-25,68.09,65.74,68.25,65.74
2021-03-26,66.29,64.96,66.32,63.96
2021-03-29,65.25,65.38,67.94,64.96
2021-03-30,65.61,66.93,68.53,64.89
2021-03-31,65.96,66.69,68.44,65.94
2021-04-01,67.8,69.53,69.89,67.8
2021-04-02,70.67,70.89,71.52,68.82
2021-04-06,70.17,70.29,70.4,68.82
2021-04-07,71.17,69.46,72.09,68.03
2021-04-08,68.72,68.22,69.29,67.42
2021-04-09,68.23,68.42,69.12,66.2
2021-04-12,68.74,67.84,69.89,67.07
2021-04-13,67.74,68.55,70.21,67.74
2021-04-14,66.67,68.23,68.74,66.03
2021-04-15,70.29,69.8,71.53,68.89
2021-04-16,69.53,67.4,69.59,67.32
2021-04-19,67.39,71.63,71.67,66.09
2021-04-20,71.01,75.17,77.36,71.01
2021-04-21,73.74,74.24,75.39,73.37
2021-04-22,74.89,73.81,74.89,72.64
2021-04-23,74.67,74.64,75.82,73.89
2021-04-26,74.62,71.65,75.72,71.6
2021-04-27,71.66,70.25,72.47,69.03
2021-04-28,70.25,72.62,74.41,69.99
2021-04-29,73.82,77.16,77.16,72.14
2021-04-30,77.39,76.04,77.46,75.25
2021-05-06,75.96,70.1,76.03,70.0
2021-05-07,69.82,71.02,74.35,69.82
2021-05-10,69.86,66.67,70.24,66.09
2021-05-11,66.69,66.79,67.67,64.53
2021-05-12,67.1,67.39,69.09,66.79
2021-05-13,65.61,65.6,66.6,64.32
2021-05-14,65.74,66.64,68.03,65.74
2021-05-17,67.64,67.96,68.44,66.75
2021-05-18,68.02,66.8,68.07,65.79
2021-05-19,66.76,67.02,67.51,65.59
2021-05-20,66.67,67.74,68.24,66.21
2021-05-21,67.95,65.91,69.16,65.6
2021-05-24,66.03,59.84,66.09,58.84
2021-05-25,59.49,60.96,62.36,57.39
2021-05-26,60.96,60.94,61.65,59.32
2021-05-27,60.1,60.83,61.28,59.17
2021-05-28,60.96,59.79,61.31,59.46
2021-05-31,58.82,58.87,59.43,57.39
2021-06-01,59.59,59.52,59.88,56.67
2021-06-02,59.52,61.75,62.94,58.91
2021-06-03,62.29,62.54,65.99,60.86
2021-06-04,62.33,64.09,65.17,60.67
2021-06-07,62.89,60.69,62.94,59.92
2021-06-08,61.11,61.09,61.94,60.07
2021-06-09,60.84,61.29,62.14,59.89
2021-06-10,60.89,60.2,61.2,59.92
2021-06-11,60.24,59.09,60.54,59.09
2021-06-15,58.61,58.09,58.62,56.79
2021-06-16,58.86,56.7,59.29,56.53
2021-06-17,56.71,54.89,56.95,54.47
2021-06-18,54.89,53.44,55.17,52.79
2021-06-21,52.59,50.29,53.48,50.29
2021-06-22,50.95,50.69,51.74,49.51
2021-06-23,51.41,53.29,53.65,50.91
2021-06-24,53.28,52.47,53.28,52.01
2021-06-25,53.24,54.82,54.95,53.09
2021-06-28,57.29,59.64,60.11,56.49
2021-06-29,59.29,58.66,59.64,56.93
2021-06-30,58.5,57.11,58.5,56.9
2021-07-01,57.64,56.09,58.28,55.48
2021-07-02,55.29,55.5,57.13,55.11
2021-07-05,55.17,55.59,56.59,53.72
2021-07-06,56.36,55.58,56.58,54.8
2021-07-07,55.42,54.19,56.41,53.97
2021-07-08,54.08,53.47,54.19,53.34
2021-07-09,53.97,52.99,54.53,52.28
2021-07-12,52.95,53.81,54.57,51.89
2021-07-13,53.82,54.18,54.77,53.28
2021-07-14,53.93,52.74,54.87,52.67
2021-07-15,55.29,53.25,55.59,52.81
2021-07-16,53.29,50.64,53.41,50.29
2021-07-19,49.97,48.05,50.04,47.59
2021-07-20,48.1,48.79,48.86,47.6
2021-07-21,48.79,46.95,49.27,46.38
2021-07-22,47.8,47.02,48.17,46.59
2021-07-23,46.79,43.7,46.89,42.3
2021-07-26,44.06,42.38,44.46,41.9
2021-07-27,42.94,39.12,43.14,39.09
2021-07-28,38.78,37.2,38.79,35.3
2021-07-29,38.41,38.0,39.25,37.37
2021-07-30,38.3,38.56,39.27,37.01
2021-08-02,37.54,41.09,42.75,36.74
2021-08-03,41.09,40.15,42.45,39.94
2021-08-04,39.99,39.45,40.1,38.87
2021-08-05,38.97,38.14,39.93,38.13
2021-08-06,38.13,38.57,39.36,37.4
2021-08-09,38.97,42.8,42.8,38.96
2021-08-10,43.79,44.47,44.95,41.85
2021-08-11,43.79,44.47,45.09,43.45
2021-08-12,46.29,43.79,46.82,43.29
2021-08-13,43.8,43.14,43.82,42.59
2021-08-16,42.43,43.69,44.47,41.7
2021-08-17,43.28,41.6,44.45,41.46
2021-08-18,41.25,41.79,42.18,40.47
2021-08-19,41.29,41.17,42.42,40.99
2021-08-20,41.17,40.63,41.28,39.79
2021-08-23,40.32,40.73,41.79,39.69
2021-08-24,40.79,41.37,42.27,40.38
2021-08-25,40.79,41.18,42.19,40.64
2021-08-26,41.18,39.85,41.23,39.8
2021-08-27,39.33,39.21,40.62,39.1
2021-08-30,38.97,38.39,39.35,37.87
2021-08-31,39.23,38.6,40.72,38.36
2021-09-01,38.29,41.07,41.16,37.74
2021-09-02,41.05,39.45,41.05,39.15
2021-09-03,38.89,42.14,42.73,38.4
2021-09-06,41.17,43.44,43.89,40.96
2021-09-07,43.19,43.13,43.62,42.47
2021-09-08,42.79,42.22,43.79,42.09
2021-09-09,41.91,41.91,42.62,41.37
2021-09-10,41.97,41.74,42.79,41.56
2021-09-13,41.29,39.97,41.29,39.67
2021-09-14,40.32,39.5,40.66,39.29
2021-09-15,39.39,39.2,39.6,38.92
2021-09-16,38.79,40.49,42.49,38.77
2021-09-17,40.76,40.98,41.85,39.28
2021-09-22,40.05,39.54,40.49,39.4
2021-09-23,39.4,40.51,40.84,39.35
2021-09-24,40.27,41.7,42.3,40.01
2021-09-27,41.39,45.24,45.97,40.92
2021-09-28,44.49,44.54,44.79,43.49
2021-09-29,43.86,47.19,48.51,43.17
2021-09-30,47.18,48.19,50.29,46.95
2021-10-08,48.2,50.99,52.16,46.98
2021-10-11,50.99,51.46,53.62,49.12
2021-10-12,51.29,50.21,52.54,50.09
2021-10-13,50.4,51.62,51.7,48.39
2021-10-14,51.02,49.37,51.27,49.2
2021-10-15,48.39,51.69,53.17,48.39
2021-10-18,51.44,52.3,53.62,50.59
2021-10-19,52.09,55.89,57.39,52.09
2021-10-20,55.38,53.89,56.62,53.79
2021-10-21,53.89,53.19,54.59,52.24
2021-10-22,53.16,53.32,53.78,52.39
2021-10-25,55.31,52.8,55.88,52.29
2021-10-26,51.99,50.95,52.49,50.85
2021-10-27,51.09,51.54,52.29,50.66
2021-10-28,50.84,51.39,52.37,50.57
2021-10-29,51.41,53.4,53.61,51.41
2021-11-01,52.3,53.92,54.45,51.99
2021-11-02,53.46,54.32,54.92,52.85
2021-11-03,54.29,55.74,56.98,53.68
2021-11-04,55.29,55.36,56.97,54.8
2021-11-05,56.28,54.5,56.96,54.2
2021-11-08,55.17,54.17,55.27,53.94
2021-11-09,53.86,53.26,54.33,53.09
2021-11-10,53.0,52.38,53.19,51.79
2021-11-11,52.66,53.2,54.0,52.19
2021-11-12,53.25,54.87,55.48,53.25
2021-11-15,55.57,55.17,55.77,54.58
2021-11-16,55.17,55.03,55.7,54.86
2021-11-17,54.6,54.49,55.16,53.8
2021-11-18,54.51,54.58,55.18,53.88
2021-11-19,54.29,53.86,54.76,53.11
2021-11-22,53.29,53.44,54.27,53.27
2021-11-23,53.49,53.5,54.17,53.1
2021-11-24,53.3,52.09,54.29,51.99
2021-11-25,52.0,52.17,52.64,51.89
2021-11-26,52.37,50.94,52.38,50.65
2021-11-29,50.29,50.79,51.29,49.84
2021-11-30,50.74,48.69,50.74,47.89
2021-12-01,48.49,48.15,48.72,47.73
2021-12-02,47.79,48.53,49.36,47.48
2021-12-03,48.29,49.61,49.61,48.17
2021-12-06,49.39,47.9,49.39,47.79
2021-12-07,44.79,45.26,46.47,44.63
2021-12-08,46.32,47.32,48.29,45.83
2021-12-09,47.34,47.51,48.29,46.94
2021-12-10,47.27,47.24,47.79,46.99
2021-12-13,46.89,46.41,47.41,46.35
2021-12-14,46.41,46.18,47.46,45.99
2021-12-15,46.1,45.35,46.39,45.29
2021-12-16,44.4,44.04,44.87,42.9
2021-12-17,43.99,43.65,44.96,43.29
2021-12-20,43.31,42.58,43.91,42.5
2021-12-21,43.18,42.65,43.26,42.29
2021-12-22,42.87,44.36,44.84,42.75
2021-12-23,45.09,46.43,47.47,44.97
2021-12-24,46.4,48.57,48.79,45.49
2021-12-27,48.97,49.19,50.77,47.8
2021-12-28,48.99,48.64,50.1,48.29
2021-12-29,48.6,47.82,49.12,47.75
2021-12-30,47.79,48.43,49.1,47.69
2021-12-31,48.14,49.65,49.95,48.12
2022-01-04,50.29,54.09,54.49,50.29
2022-01-05,53.99,54.28,56.29,53.5
2022-01-06,53.68,52.98,54.28,51.95
2022-01-07,53.0,52.56,53.79,52.15
2022-01-10,52.28,55.57,55.57,52.19
2022-01-11,55.29,52.91,55.29,52.89
2022-01-12,53.19,53.59,54.05,52.09
2022-01-13,53.29,51.54,54.69,51.18
2022-01-14,51.29,51.99,53.25,51.11
2022-01-17,51.99,52.29,52.64,50.89
2022-01-18,51.89,52.09,52.58,51.14
2022-01-19,52.29,50.82,52.49,50.2
2022-01-20,50.91,53.49,53.79,50.59
2022-01-21,53.32,51.29,53.45,51.28
2022-01-24,51.39,50.11,52.17,50.01
2022-01-25,50.09,48.29,50.64,48.29
2022-01-26,48.87,50.64,50.79,48.84
2022-01-27,50.27,49.41,52.43,49.29
2022-01-28,50.17,50.88,51.87,49.81
2022-02-07,52.08,51.52,52.69,48.55
2022-02-08,51.09,51.99,52.42,50.52
2022-02-09,51.92,54.97,55.17,51.82
2022-02-10,54.67,57.91,58.97,54.3
2022-02-11,57.9,56.99,58.21,56.67
2022-02-14,56.9,55.47,57.78,54.5
2022-02-15,55.29,55.47,55.84,54.39
2022-02-16,55.29,54.54,55.5,53.99
2022-02-17,54.25,55.89,56.19,52.81
2022-02-18,55.29,56.28,57.29,54.99
2022-02-21,55.59,55.82,56.67,55.26
2022-02-22,55.37,54.83,55.76,54.11
2022-02-23,55.79,53.71,56.17,53.58
2022-02-24,53.68,52.89,54.07,52.38
2022-02-25,53.76,53.49,53.95,52.43
2022-02-28,53.49,53.37,54.05,52.9
2022-03-01,54.09,56.9,56.91,53.09
2022-03-02,56.22,55.98,57.08,55.7
2022-03-03,55.7,55.04,56.16,54.72
2022-03-04,54.92,55.03,56.35,54.42
2022-03-07,54.89,53.54,55.59,52.85
2022-03-08,53.14,50.75,54.49,50.49
2022-03-09,50.3,50.94,52.19,48.29
2022-03-10,52.07,51.01,52.19,50.59
2022-03-11,50.07,51.93,52.37,49.52
2022-03-14,51.25,48.62,51.79,48.62
2022-03-15,48.9,45.51,49.08,45.49
2022-03-16,46.09,46.2,46.69,43.76
2022-03-17,47.09,49.34,50.23,46.64
2022-03-18,49.09,50.99,51.29,48.82
2022-03-21,51.31,51.22,52.71,50.6
2022-03-22,50.89,52.46,53.35,50.89
2022-03-23,52.29,51.98,52.55,51.19
2022-03-24,51.29,51.28,52.29,50.79
2022-03-25,51.29,51.24,53.12,50.83
2022-03-28,50.79,50.83,51.59,50.2
2022-03-29,50.8,53.24,53.43,50.57
2022-03-30,52.5,53.64,54.01,52.25
2022-03-31,53.64,53.15,53.94,52.18
2022-04-01,53.27,53.71,54.84,52.41
2022-04-06,53.29,52.34,54.16,52.15
2022-04-07,51.8,50.4,52.49,50.1
2022-04-08,50.27,50.0,50.98,49.19
2022-04-11,50.25,50.99,51.9,49.65
2022-04-12,50.99,51.49,51.87,50.4
2022-04-13,51.29,49.83,52.09,49.76
2022-04-14,50.04,49.54,50.05,48.69
2022-04-15,49.29,48.73,49.86,48.21
2022-04-18,48.73,51.22,51.27,48.73
2022-04-19,52.29,53.74,55.28,52.29
2022-04-20,53.69,53.42,54.86,53.25
2022-04-21,53.29,52.27,54.98,51.84
2022-04-22,51.84,51.29,51.99,49.79
2022-04-25,51.3,49.25,52.65,49.17
2022-04-26,49.25,47.4,50.05,47.32
2022-04-27,46.79,50.81,50.82,45.86
2022-04-28,50.49,49.99,50.89,49.06
2022-04-29,50.28,48.52,50.41,47.68
2022-05-05,49.09,48.53,49.7,48.31
2022-05-06,47.97,47.69,48.52,47.3
2022-05-09,48.26,47.79,49.25,46.5
2022-05-10,47.33,47.93,48.27,46.32
2022-05-11,48.07,47.8,48.39,47.09
2022-05-12,47.64,46.6,48.17,46.12
2022-05-13,46.75,45.57,46.81,44.85
2022-05-16,45.89,47.58,47.59,45.4
2022-05-17,47.54,46.95,48.07,46.79
2022-05-18,46.96,46.23,47.09,45.96
2022-05-19,44.69,44.87,45.39,43.99
2022-05-20,44.59,45.04,45.59,44.12
2022-05-23,45.37,46.13,46.51,45.32
2022-05-24,45.89,44.83,46.04,44.79
2022-05-25,44.81,46.46,47.09,44.6
2022-05-26,47.09,46.15,47.17,46.11
2022-05-27,46.57,45.6,46.76,45.34
2022-05-30,45.76,45.44,46.36,45.06
2022-05-31,45.39,47.47,47.47,45.21
2022-06-01,47.45,46.44,47.45,46.09
2022-06-02,46.11,46.23,46.32,45.44
2022-06-06,46.24,45.64,46.29,44.99
2022-06-07,45.94,46.74,47.54,45.8
2022-06-08,46.29,46.67,47.49,46.09
2022-06-09,46.93,48.33,49.12,46.55
2022-06-10,48.04,48.12,48.24,47.4
2022-06-13,48.34,50.13,51.4,48.24
2022-06-14,49.42,50.84,51.63,49.4
2022-06-15,50.86,50.16,51.52,49.96
2022-06-16,50.24,51.5,52.27,50.24
2022-06-17,51.18,51.39,52.18,51.08
2022-06-20,52.09,52.47,53.56,51.79
2022-06-21,52.78,52.34,53.54,51.74
2022-06-22,52.8,53.79,54.34,51.87
2022-06-23,53.79,53.83,54.72,52.94
2022-06-24,53.94,53.44,54.04,52.79
2022-06-27,54.34,55.12,55.67,54.34
2022-06-28,55.39,54.85,55.79,54.16
2022-06-29,54.54,51.41,54.64,51.2
2022-06-30,51.68,51.81,52.29,51.0
2022-07-01,51.97,52.53,53.34,51.72
2022-07-04,54.34,58.13,58.13,54.34
2022-07-05,59.04,60.04,60.21,57.91
2022-07-06,58.04,57.73,60.2,57.13
2022-07-07,58.56,58.82,59.88,57.63
2022-07-08,59.21,59.38,60.66,58.44
2022-07-11,59.38,61.68,62.38,59.37
2022-07-12,62.14,60.04,62.53,59.62
2022-07-13,60.64,60.43,60.95,58.69
2022-07-14,60.43,60.1,61.2,58.95
2022-07-15,59.44,59.04,60.67,58.85
2022-07-18,58.35,58.64,59.14,56.6
2022-07-19,58.41,58.25,59.33,57.34
2022-07-20,58.74,56.46,58.8,55.84
2022-07-21,56.31,56.4,57.62,55.54
2022-07-22,56.34,55.34,56.41,54.84
2022-07-25,55.22,54.56,55.43,54.26
2022-07-26,55.15,54.66,55.72,54.32
2022-07-27,54.42,54.59,55.12,54.22
2022-07-28,55.12,54.74,56.24,54.61
2022-07-29,55.04,56.14,57.07,54.39
2022-08-01,56.2,55.31,56.27,54.32
2022-08-02,54.55,54.61,55.91,53.74
2022-08-03,54.64,53.26,55.34,53.23
2022-08-04,53.14,54.49,54.83,53.14
2022-08-05,54.54,54.95,55.02,54.04
2022-08-08,55.54,54.41,56.23,54.32
2022-08-09,54.34,52.71,54.34,52.29
2022-08-10,52.94,52.3,53.24,51.75
2022-08-11,52.63,52.79,52.83,52.14
2022-08-12,52.84,52.29,52.87,52.06
2022-08-15,52.24,52.5,52.89,51.71
2022-08-16,52.51,53.94,53.94,52.22
2022-08-17,53.95,54.14,54.18,53.22
2022-08-18,54.03,52.19,54.03,52.14
2022-08-19,51.85,54.82,55.27,51.83
2022-08-22,54.84,55.35,56.89,54.84
2022-08-23,55.35,55.63,56.51,54.86
2022-08-24,55.68,55.78,57.11,55.42
2022-08-25,56.43,56.18,56.64,55.56
2022-08-26,56.17,55.54,56.17,54.92
2022-08-29,56.54,55.34,57.27,54.74
2022-08-30,54.94,55.7,55.99,54.3
2022-08-31,55.14,55.16,56.06,54.72
2022-09-01,55.04,55.24,55.93,54.64
2022-09-02,55.46,55.54,55.94,54.67
2022-09-05,55.69,56.6,56.69,55.26
2022-09-06,56.61,56.29,57.13,56.16
2022-09-07,55.93,55.16,56.14,54.87
2022-09-08,55.16,54.94,56.02,54.77
2022-09-09,55.24,55.04,55.24,53.95
2022-09-13,55.39,57.16,57.44,55.06
2022-09-14,56.86,57.03,57.5,56.56
2022-09-15,56.74,55.93,57.09,55.69
2022-09-16,55.97,55.44,56.73,55.44
2022-09-19,55.84,56.57,57.34,55.74
2022-09-20,56.53,55.42,56.74,55.05
2022-09-21,55.42,53.13,55.42,53.0
2022-09-22,52.94,52.74,53.62,52.6
2022-09-23,52.7,52.34,52.84,50.82
2022-09-26,51.75,50.39,52.54,50.34
2022-09-27,50.54,51.47,51.53,49.94
2022-09-28,51.34,51.23,52.2,51.14
2022-09-29,51.74,50.95,52.12,50.58
2022-09-30,51.05,51.06,51.32,50.04
2022-10-10,53.04,54.59,55.21,52.6
2022-10-11,54.54,54.8,55.04,53.58
2022-10-12,54.94,55.43,55.99,54.34
2022-10-13,55.04,55.45,56.29,54.62
2022-10-14,55.54,55.0,55.79,54.64
2022-10-17,54.23,54.82,55.36,53.69
2022-10-18,54.89,55.24,56.39,54.69
2022-10-19,55.04,53.14,55.9,53.14
2022-10-20,53.12,52.57,53.59,52.41
2022-10-21,52.39,52.46,52.84,51.9
2022-10-24,52.09,50.84,52.53,50.44
2022-10-25,51.14,50.75,51.76,50.34
2022-10-26,51.24,47.28,51.34,46.04
2022-10-27,46.54,46.05,47.03,45.04
2022-10-28,45.42,44.07,45.63,43.89
2022-10-31,42.91,43.32,44.37,42.75
2022-11-01,43.3,45.02,45.1,43.3
2022-11-02,44.94,44.79,45.29,44.34
2022-11-03,44.54,44.14,44.55,43.34
2022-11-04,44.24,45.24,45.59,44.22
2022-11-07,45.53,46.14,46.69,45.31
2022-11-08,46.14,45.39,46.87,44.86
2022-11-09,44.97,44.64,45.28,44.61
2022-11-10,44.28,44.81,45.01,44.02
2022-11-11,46.04,45.2,46.23,44.75
2022-11-14,45.35,44.84,45.79,44.6
2022-11-15,44.81,45.23,45.29,44.4
2022-11-16,45.42,44.89,45.47,44.77
2022-11-17,44.69,44.67,45.5,44.3
2022-11-18,44.67,43.74,44.85,43.69
2022-11-21,43.32,43.66,43.71,42.77
2022-11-22,43.66,43.33,44.03,43.18
2022-11-23,43.24,42.53,43.24,42.13
2022-11-24,42.54,42.46,43.11,42.42
2022-11-25,42.38,43.42,43.66,42.26
2022-11-28,42.99,42.74,43.12,42.15
2022-11-29,42.63,43.49,43.5,42.63
2022-11-30,43.59,44.61,45.32,43.57
2022-12-01,45.13,44.62,45.24,44.37
2022-12-02,44.64,45.44,45.8,44.41
2022-12-05,45.84,45.78,46.29,45.44
2022-12-06,46.04,46.29,46.73,45.69
2022-12-07,46.31,46.49,47.73,46.12
2022-12-08,46.07,45.23,46.24,45.12
2022-12-09,45.34,45.33,45.49,44.59
2022-12-12,44.54,44.66,45.24,44.39
2022-12-13,45.37,45.62,46.17,44.92
2022-12-14,45.54,45.74,46.03,45.05
2022-12-15,45.76,45.07,46.21,44.94
2022-12-16,44.86,44.89,44.97,44.32
2022-12-19,44.6,43.67,44.93,43.62
2022-12-20,43.75,42.79,44.21,42.69
2022-12-21,42.79,43.67,44.17,42.62
2022-12-22,43.89,44.85,45.37,43.89
2022-12-23,44.89,44.43,45.1,44.27
2022-12-26,44.9,45.01,45.52,44.69
2022-12-27,45.01,45.6,45.86,44.9
2022-12-28,45.35,45.35,45.78,45.22
2022-12-29,45.24,44.74,45.34,44.59
2022-12-30,44.73,45.29,45.44,44.73
2023-01-03,44.78,43.98,44.89,43.29
2023-01-04,43.94,44.0,44.18,43.39
2023-01-05,44.29,44.25,44.41,43.44
2023-01-06,44.1,44.03,44.63,43.72
2023-01-09,44.13,45.23,45.63,43.64
2023-01-10,45.14,44.83,45.36,44.34
2023-01-11,44.93,44.98,45.32,44.38
2023-01-12,45.04,44.79,45.4,44.69
2023-01-13,44.86,45.94,46.38,44.74
2023-01-16,46.34,46.54,46.8,45.65
2023-01-17,46.59,45.97,46.71,45.63
2023-01-18,45.96,45.09,45.96,45.03
2023-01-19,45.09,44.53,45.09,44.2
2023-01-20,44.72,44.64,44.89,44.46
2023-01-30,44.84,44.69,45.41,44.35
2023-01-31,45.77,46.48,47.93,45.77
2023-02-01,46.55,47.04,47.42,46.55
2023-02-02,47.19,47.05,47.34,46.34
2023-02-03,46.85,46.66,47.83,46.54
2023-02-06,46.14,46.84,46.84,45.75
2023-02-07,46.89,46.19,47.22,46.04
2023-02-08,46.19,45.8,46.33,45.77
2023-02-09,45.8,45.95,46.1,45.62
2023-02-10,45.91,45.61,46.26,45.44
2023-02-13,45.93,45.73,46.16,45.32
2023-02-14,46.03,46.16,46.69,45.74
2023-02-15,45.98,45.13,46.03,44.99
2023-02-16,45.09,44.61,45.56,44.18
2023-02-17,44.64,44.47,44.86,44.44
2023-02-20,44.72,45.3,45.37,44.22
2023-02-21,45.24,45.95,46.37,44.97
2023-02-22,45.94,47.44,47.78,45.91
2023-02-23,47.42,46.93,47.99,46.72
2023-02-24,46.93,46.33,47.04,46.21
2023-02-27,46.54,45.85,46.85,45.7
2023-02-28,46.05,46.08,46.24,45.74
2023-03-01,46.09,46.72,46.75,45.99
2023-03-02,46.65,46.47,46.75,46.29
2023-03-03,46.47,46.3,46.64,45.9
2023-03-06,45.98,46.13,46.42,45.76
2023-03-07,46.03,44.97,46.05,44.92
2023-03-08,44.9,44.58,44.91,44.3
2023-03-09,44.84,44.41,44.98,44.24
2023-03-10,44.35,43.5,44.35,43.4
2023-03-13,43.35,44.46,44.64,43.26
2023-03-14,44.53,46.94,47.02,44.53
2023-03-15,47.04,46.94,47.92,46.69
2023-03-16,46.94,45.07,46.94,45.05
2023-03-17,45.58,44.5,45.67,44.22
2023-03-20,44.5,43.8,44.59,43.66
2023-03-21,43.81,44.09,44.16,43.63
2023-03-22,44.24,44.05,44.5,43.84
2023-03-23,43.79,44.01,44.26,43.72
2023-03-24,44.09,44.03,44.36,43.78
2023-03-27,44.02,45.03,45.1,43.72
2023-03-28,44.92,44.98,45.49,44.58
2023-03-29,45.04,44.21,45.18,44.1
2023-03-30,44.24,44.66,44.89,44.04
2023-03-31,46.25,45.54,46.91,45.29
2023-04-03,45.25,46.42,47.04,45.04
2023-04-04,46.42,47.2,48.14,46.34
2023-04-06,46.93,46.72,48.2,46.32
2023-04-07,46.54,45.97,46.99,45.92
2023-04-10,45.97,45.92,46.48,45.58
2023-04-11,45.99,45.64,46.1,45.37
2023-04-12,45.69,45.18,45.8,44.93
2023-04-13,45.0,44.99,45.38,44.77
2023-04-14,45.21,44.8,45.24,44.54
2023-04-17,44.81,45.22,45.22,44.56
2023-04-18,45.21,45.02,45.44,44.82
2023-04-19,45.01,44.8,45.34,44.62
2023-04-20,44.8,44.74,45.08,44.3
2023-04-21,44.84,44.31,44.93,44.25
2023-04-24,44.31,43.86,44.42,43.55
2023-04-25,43.74,44.28,44.28,43.64
2023-04-26,44.23,44.04,44.36,43.84
2023-04-27,43.99,44.21,44.22,43.67
2023-04-28,45.04,44.41,45.14,44.15
2023-05-04,44.27,43.63,44.27,43.51
2023-05-05,43.59,43.69,43.79,42.78
2023-05-08,43.64,43.14,43.64,43.1
2023-05-09,43.12,43.45,43.72,42.74
2023-05-10,43.44,43.04,43.44,42.8
2023-05-11,43.03,43.39,43.44,42.84
2023-05-12,43.34,43.25,43.79,43.16
2023-05-15,43.06,42.73,43.14,42.37
2023-05-16,42.74,42.59,42.99,42.55
2023-05-17,42.54,42.33,42.74,42.33
2023-05-18,42.33,39.53,42.39,39.43
2023-05-19,39.0,39.27,39.37,38.44
2023-05-22,39.18,39.58,39.67,38.99
2023-05-23,39.66,39.53,39.84,39.42
2023-05-24,39.46,39.72,39.96,38.86
2023-05-25,39.53,39.38,39.72,39.05
2023-05-26,39.49,39.36,39.51,39.05
2023-05-29,39.29,38.28,39.54,37.54
2023-05-30,38.28,38.34,38.69,37.61
2023-05-31,38.2,36.59,38.2,35.86
2023-06-01,36.37,36.9,37.63,36.15
2023-06-02,36.9,37.3,37.53,36.86
2023-06-05,37.34,36.92,37.4,36.45
2023-06-06,36.91,36.78,37.2,36.64
2023-06-07,36.87,36.51,36.98,36.44
2023-06-08,36.46,37.25,37.74,36.28
2023-06-09,37.23,37.33,37.45,36.67
2023-06-12,37.29,37.33,37.64,37.01
2023-06-13,37.25,37.3,37.79,37.14
2023-06-14,37.3,37.21,37.59,37.14
2023-06-15,37.23,37.79,37.81,37.22
2023-06-16,37.84,38.97,39.11,37.84
2023-06-19,38.88,38.97,39.86,38.6
2023-06-20,38.84,39.09,39.42,38.72
2023-06-21,38.84,38.69,39.34,38.55
2023-06-26,38.68,38.87,39.11,38.21
2023-06-27,38.75,38.9,39.06,38.27
2023-06-28,38.76,38.69,39.04,38.34
2023-06-29,38.54,38.54,39.53,38.28
2023-06-30,38.44,38.69,38.98,38.24
2023-07-03,38.84,38.63,39.08,38.47
2023-07-04,38.77,38.82,39.34,38.14
2023-07-05,38.74,37.63,38.74,37.5
2023-07-06,37.42,37.72,38.2,37.25
2023-07-07,37.51,38.22,38.61,37.32
2023-07-10,38.23,38.54,38.83,38.21
2023-07-11,38.75,38.58,38.76,38.36
2023-07-12,38.54,38.78,38.92,38.26
2023-07-13,39.03,39.13,39.22,38.74
2023-07-14,39.12,38.86,39.28,38.77
2023-07-17,38.86,40.17,40.72,38.69
2023-07-18,39.96,39.81,40.33,39.65
2023-07-19,39.61,39.72,40.21,39.47
2023-07-20,39.71,39.68,40.02,39.62
2023-07-21,39.69,40.29,40.61,39.68
2023-07-24,40.39,40.01,40.95,39.82
2023-07-25,40.27,39.97,40.36,39.47
2023-07-26,39.97,40.3,40.37,39.87
2023-07-27,40.39,40.77,41.03,40.35
2023-07-28,40.75,40.81,40.94,40.41
2023-07-31,41.16,41.72,41.77,40.87
2023-08-01,41.27,41.15,41.67,40.97
2023-08-02,41.16,40.3,41.26,40.27
2023-08-03,40.29,40.53,40.72,40.25
2023-08-04,40.82,40.58,40.87,40.36
2023-08-07,40.87,40.81,41.17,40.66
2023-08-08,40.72,40.12,40.73,39.97
2023-08-09,39.84,39.96,40.19,39.8
2023-08-10,39.82,40.58,40.64,39.78
2023-08-11,40.45,39.43,40.45,39.4
2023-08-14,38.98,39.2,39.27,38.56
2023-08-15,39.15,39.03,39.25,38.71
2023-08-16,38.77,38.49,39.07,38.45
2023-08-17,38.27,38.84,38.87,37.99
2023-08-18,38.85,38.28,38.96,38.27
2023-08-21,38.28,37.35,38.3,37.35
2023-08-22,37.47,37.35,37.74,36.93
2023-08-23,37.35,37.04,37.56,37.02
2023-08-24,37.14,37.45,37.62,36.37
2023-08-25,37.47,38.06,38.84,37.47
2023-08-28,39.67,38.14,39.96,37.87
2023-08-29,38.1,38.41,38.62,37.68
2023-08-30,38.41,38.02,38.66,38.02
2023-08-31,38.07,37.85,38.24,37.79
2023-09-01,38.07,38.15,38.2,37.83
2023-09-04,38.22,38.22,38.25,37.7
2023-09-05,38.07,38.04,38.15,37.85
2023-09-06,38.04,37.94,38.14,37.83
2023-09-07,37.93,37.53,38.17,37.52
2023-09-08,37.32,37.37,37.46,37.09
2023-09-11,37.37,37.91,37.94,37.37
2023-09-12,37.95,38.41,38.77,37.82
2023-09-13,38.42,38.24,38.57,38.11
2023-09-14,38.47,38.01,38.5,37.79
2023-09-15,37.97,37.75,38.3,37.62
2023-09-18,37.78,37.79,37.93,37.48
2023-09-19,37.8,37.71,38.03,37.51
2023-09-20,37.85,37.69,38.12,37.58
2023-09-21,37.67,36.77,37.74,36.77
2023-09-22,36.77,37.08,37.14,36.43
2023-09-25,37.24,37.08,37.24,36.82
2023-09-26,36.96,36.99,37.1,36.84
2023-09-27,36.98,36.97,37.15,36.73
2023-09-28,36.97,35.16,37.07,35.16
2023-10-09,34.8,32.27,34.8,31.76
2023-10-10,32.27,33.3,33.67,32.27
2023-10-11,33.37,32.92,33.86,32.8
2023-10-12,33.26,33.31,33.53,32.79
2023-10-13,33.1,33.28,33.63,32.97
2023-10-16,33.29,32.94,33.5,32.88
2023-10-17,32.93,33.06,33.12,32.73
2023-10-18,33.07,32.49,33.11,32.35
2023-10-19,32.35,29.42,32.35,28.97
2023-10-20,29.27,28.91,30.01,28.71
2023-10-23,28.78,28.91,29.36,28.44
2023-10-24,28.93,29.02,29.37,28.77
2023-10-25,30.02,30.98,31.12,29.8
2023-10-26,30.98,31.61,32.15,30.67
2023-10-27,31.62,33.42,33.57,31.3
2023-10-30,33.27,35.08,35.12,33.12
2023-10-31,35.16,35.03,35.22,34.27
2023-11-01,34.82,35.13,35.63,34.68
2023-11-02,35.52,35.07,36.03,35.02
2023-11-03,35.07,35.48,35.66,34.65
2023-11-06,35.48,34.77,35.48,34.07
2023-11-07,34.61,34.58,34.95,34.27
2023-11-08,34.54,34.34,34.7,34.07
2023-11-09,34.33,34.49,34.87,34.09
2023-11-10,34.47,34.68,34.88,34.19
2023-11-13,34.79,34.73,34.82,33.97
2023-11-14,34.72,34.74,35.13,34.52
2023-11-15,34.74,34.73,35.06,34.47
2023-11-16,34.73,34.39,34.91,34.37
2023-11-17,34.28,34.22,34.52,34.09
2023-11-20,34.23,35.39,35.59,34.23
2023-11-21,35.43,35.55,36.1,35.29
2023-11-22,35.26,35.82,36.37,35.26
2023-11-23,35.87,35.76,36.12,35.47
2023-11-24,35.72,36.21,36.45,35.52
2023-11-27,36.27,36.68,37.05,36.2
2023-11-28,36.66,36.05,36.67,35.83
2023-11-29,35.68,36.1,36.39,35.68
2023-11-30,36.27,36.35,36.45,36.03
2023-12-01,36.35,35.85,36.35,35.78
2023-12-04,35.77,37.18,37.62,35.35
2023-12-05,37.48,36.57,37.82,36.54
2023-12-06,36.45,37.9,38.26,36.27
2023-12-07,37.7,38.15,38.33,37.39
2023-12-08,38.17,37.37,38.39,37.32
2023-12-11,37.17,38.01,38.17,36.78
2023-12-12,38.01,37.74,38.15,37.27
2023-12-13,37.71,37.26,37.86,37.16
2023-12-14,37.55,36.74,37.66,35.48
2023-12-15,36.82,36.66,36.95,36.17
2023-12-18,36.57,37.24,37.6,36.38
2023-12-19,37.07,37.08,37.34,36.63
2023-12-20,37.09,36.47,37.23,36.3
2023-12-21,36.28,36.78,36.95,35.69
2023-12-22,36.77,37.18,37.56,36.55
2023-12-25,37.17,36.95,37.32,36.28
2023-12-26,36.79,36.73,37.07,36.57
2023-12-27,36.77,38.25,38.26,36.77
2023-12-28,38.24,38.05,38.35,37.79
2023-12-29,38.07,38.45,38.93,37.87
2024-01-02,38.45,38.77,39.13,38.17
2024-01-03,38.77,38.34,39.32,38.04
2024-01-04,38.17,38.23,38.46,37.91
2024-01-05,38.27,37.71,38.27,37.47
2024-01-08,37.67,36.34,37.91,36.34
2024-01-09,36.33,35.92,36.44,35.87
2024-01-10,35.9,34.0,36.11,32.52
2024-01-11,33.76,34.19,35.23,33.76
2024-01-12,34.03,34.98,35.38,33.62
2024-01-15,34.79,34.3,35.39,34.22
2024-01-16,34.12,34.84,35.06,34.12
2024-01-17,34.72,34.01,35.42,33.99
2024-01-18,33.92,34.39,34.56,32.96
2024-01-19,34.37,34.0,34.66,33.77
2024-01-22,34.05,33.13,34.17,32.77
2024-01-23,33.03,33.1,33.37,32.68
2024-01-24,33.5,33.14,33.57,32.14
2024-01-25,33.3,33.3,33.41,32.76
2024-01-26,32.98,32.97,33.3,32.07
2024-01-29,32.97,33.24,33.87,32.87
2024-01-30,33.17,32.89,33.77,32.81
2024-01-31,32.42,32.52,32.92,31.85
2024-02-01,32.42,32.49,32.97,32.09
2024-02-02,32.37,32.61,33.47,31.78
2024-02-05,32.27,32.97,33.27,31.51
2024-02-06,32.77,34.28,34.37,32.57
2024-02-07,34.27,34.75,34.77,33.67
2024-02-08,34.55,35.08,35.28,34.39
2024-02-19,35.17,34.67,35.38,34.08
2024-02-20,34.54,35.57,35.67,34.19
2024-02-21,35.54,35.72,36.07,35.27
2024-02-22,35.6,35.73,35.88,35.4
2024-02-23,35.82,35.65,35.92,35.34
2024-02-26,35.42,35.39,35.77,35.1
2024-02-27,35.25,36.13,36.53,35.21
2024-02-28,36.25,35.52,36.25,35.49
2024-02-29,35.51,35.76,35.93,35.43
2024-03-01,35.77,35.44,35.77,34.86
2024-03-04,35.44,34.98,35.44,34.79
2024-03-05,34.77,36.27,36.37,34.77
2024-03-06,36.12,36.45,36.53,35.88
2024-03-07,36.55,36.72,37.11,36.27
2024-03-08,36.42,36.37,36.7,36.08
2024-03-11,36.36,37.27,37.37,36.32
2024-03-12,37.23,37.37,37.42,36.67
2024-03-13,37.27,36.28,37.41,36.23
2024-03-14,36.25,35.71,36.49,35.68
2024-03-15,35.71,35.67,36.02,35.46
2024-03-18,35.76,35.83,35.96,34.92
2024-03-19,36.09,37.75,38.0,35.99
2024-03-20,37.46,38.31,38.98,37.32
2024-03-21,38.31,39.97,40.24,38.3
2024-03-22,39.98,39.52,40.16,38.92
2024-03-25,39.52,39.44,39.77,39.13
2024-03-26,39.49,39.42,40.43,39.21
2024-03-27,39.34,39.54,40.25,39.07
2024-03-28,39.42,39.32,39.94,39.07
2024-03-29,39.32,40.42,40.42,39.05
2024-04-01,40.41,41.91,42.11,40.31
2024-04-02,41.77,41.6,41.98,40.91
2024-04-03,41.37,42.53,42.85,41.37
2024-04-08,42.27,42.16,42.65,41.75
2024-04-09,41.98,41.64,42.05,41.17
2024-04-10,41.64,41.26,42.15,41.02
2024-04-11,40.87,40.41,41.21,40.24
2024-04-12,40.4,39.45,40.68,39.27
2024-04-15,39.19,39.75,40.24,39.19
2024-04-16,39.46,40.09,40.82,39.45
2024-04-17,40.1,40.31,40.77,39.7
2024-04-18,40.15,40.85,41.36,39.72
2024-04-19,40.85,40.75,41.21,40.19
2024-04-22,40.87,42.43,43.12,40.79
2024-04-23,42.43,42.26,42.85,42.12
2024-04-24,42.45,41.47,42.45,41.12
2024-04-25,41.2,41.57,41.77,40.87
2024-04-26,41.56,41.71,42.23,41.33
2024-04-29,41.39,40.89,41.67,40.89
2024-04-30,40.77,40.89,41.72,40.7
2024-05-06,41.67,41.47,41.76,40.62
2024-05-07,41.67,42.38,42.67,41.3
2024-05-08,42.3,44.1,44.43,41.87
2024-05-09,43.97,44.22,44.36,43.65
2024-05-10,44.11,44.56,45.16,43.93
2024-05-13,43.57,44.95,45.21,43.34
2024-05-14,44.72,44.95,45.65,44.39
2024-05-15,44.95,43.95,45.46,43.9
2024-05-16,44.27,44.1,44.44,43.62
2024-05-17,44.1,44.96,45.01,44.03
2024-05-20,44.95,46.62,47.11,44.87
2024-05-21,46.45,46.39,47.34,46.06
2024-05-22,46.7,45.83,46.92,45.27
2024-05-23,45.94,44.92,46.26,44.67
2024-05-24,44.95,45.32,46.27,44.67
2024-05-27,45.49,45.73,45.86,44.49
2024-05-28,45.77,45.23,46.56,44.77
2024-05-29,45.07,45.27,45.85,44.79
2024-05-30,45.53,44.68,45.74,44.17
2024-05-31,44.61,44.42,44.82,43.97
2024-06-03,44.34,45.62,45.95,44.34
2024-06-04,45.69,46.01,46.12,44.98
2024-06-05,45.99,45.47,46.18,45.17
2024-06-06,45.32,44.88,45.32,44.43
2024-06-07,45.19,45.14,45.57,44.62
2024-06-11,45.07,44.37,45.53,43.78
2024-06-12,44.37,44.07,44.86,43.88
2024-06-13,43.78,41.75,43.8,41.22
2024-06-14,41.67,42.3,42.43,40.79
2024-06-17,42.3,42.43,42.62,41.68
2024-06-18,42.83,41.9,43.15,41.45
2024-06-19,41.77,41.45,41.89,41.32
2024-06-20,41.39,41.72,42.22,40.98
2024-06-21,41.72,41.18,42.27,41.17
2024-06-24,41.04,40.92,41.4,40.06
2024-06-25,40.93,40.78,41.49,40.59
2024-06-26,40.63,40.47,40.78,39.7
2024-06-27,40.17,40.47,40.73,40.03
2024-06-28,40.27,40.87,41.45,40.12
2024-07-01,41.17,42.26,42.54,41.17
2024-07-02,42.25,41.61,42.57,41.42
2024-07-03,41.42,41.39,42.02,41.05
2024-07-04,41.39,41.1,41.67,40.49
2024-07-05,41.02,41.09,41.26,40.07
2024-07-08,41.15,41.31,42.08,41.08
2024-07-09,41.07,40.06,41.2,39.6
2024-07-10,40.06,40.96,41.27,39.66
2024-07-11,41.58,41.38,41.84,41.07
2024-07-12,41.37,40.31,42.02,40.17
2024-07-15,40.92,41.94,42.31,40.57
2024-07-16,41.77,42.57,43.47,41.67
2024-07-17,42.27,42.86,43.1,41.9
2024-07-18,42.67,42.85,43.06,42.29
2024-07-19,42.67,43.15,43.3,42.07
2024-07-22,43.19,42.35,43.3,41.97
2024-07-23,42.42,41.05,42.76,40.97
2024-07-24,41.02,40.73,41.47,40.4
2024-07-25,40.57,40.57,40.73,40.15
2024-07-26,40.57,40.31,40.84,39.72
2024-07-29,40.31,39.45,40.56,38.97
2024-07-30,39.37,40.25,40.41,39.03
2024-07-31,40.22,40.99,41.11,39.65
2024-08-01,40.97,40.71,41.69,40.55
2024-08-02,40.56,41.48,42.12,40.39
2024-08-05,41.95,42.02,42.84,41.64
2024-08-06,42.23,41.96,42.35,41.34
2024-08-07,41.87,40.64,41.96,40.61
2024-08-08,40.61,41.02,41.34,40.58
2024-08-09,41.03,40.57,41.24,40.53
2024-08-12,40.9,41.66,42.1,40.56
2024-08-13,41.61,41.67,42.47,41.24
2024-08-14,41.67,41.27,41.7,40.78
2024-08-15,41.26,41.03,41.82,40.7
2024-08-16,40.78,40.23,40.87,40.03
2024-08-19,39.82,39.26,40.12,39.07
2024-08-20,39.17,38.09,39.22,37.74
2024-08-21,37.8,36.69,37.87,36.52
2024-08-22,36.48,36.57,36.68,35.7
2024-08-23,36.47,35.83,36.82,35.71
2024-08-26,35.78,35.94,36.35,35.45
2024-08-27,35.77,34.83,35.9,34.64
2024-08-28,34.67,35.27,35.33,34.38
2024-08-29,35.22,35.03,35.46,34.79
2024-08-30,34.92,35.83,36.27,34.58
2024-09-02,35.77,35.72,36.24,35.49
2024-09-03,35.49,36.49,36.77,35.48
2024-09-04,36.32,35.37,36.63,35.32
2024-09-05,35.57,35.36,35.73,34.97
2024-09-06,35.48,35.37,35.9,35.32
2024-09-09,35.06,35.85,36.02,34.69
2024-09-10,35.84,35.79,36.38,35.38
2024-09-11,35.66,35.74,36.12,35.1
2024-09-12,35.76,34.75,35.89,34.74
2024-09-13,34.45,34.68,35.1,34.12
2024-09-18,34.64,33.43,34.77,33.27
2024-09-19,33.57,33.84,34.56,33.15
2024-09-20,33.79,33.2,33.79,32.29
2024-09-23,32.67,32.9,33.56,32.42
2024-09-24,33.51,35.64,35.67,33.32
2024-09-25,36.28,35.65,36.64,35.58
2024-09-26,35.76,37.21,37.24,35.49
2024-09-27,39.27,40.43,41.07,39.27
2024-09-30,41.37,43.58,44.2,41.06
2024-10-08,48.05,42.37,48.05,40.49
2024-10-09,41.77,39.26,41.77,39.1
2024-10-10,41.67,40.76,42.71,40.64
2024-10-11,40.75,39.55,40.75,39.11
2024-10-14,39.67,40.56,40.83,39.42
2024-10-15,40.47,39.33,40.84,39.28
2024-10-16,39.02,39.07,39.62,38.5
2024-10-17,39.2,38.51,39.55,38.5
2024-10-18,38.37,39.46,40.23,38.08
2024-10-21,41.33,40.49,41.33,39.99
2024-10-22,40.27,41.25,41.52,40.08
2024-10-23,41.63,41.05,41.66,40.59
2024-10-24,40.78,40.44,41.27,40.31
2024-10-25,40.37,40.37,41.21,40.28
2024-10-28,40.3,40.8,40.95,39.87
2024-10-29,40.81,40.34,40.86,39.93
2024-10-30,40.92,41.17,41.83,40.15
2024-10-31,41.2,40.91,41.42,40.69
2024-11-01,40.91,41.27,42.06,40.81
2024-11-04,41.33,41.35,41.49,40.62
2024-11-05,41.27,41.78,41.8,40.96
2024-11-06,41.57,41.82,42.21,41.27
2024-11-07,41.64,43.15,43.15,41.49
2024-11-08,43.38,42.16,43.57,42.1
2024-11-11,41.41,41.89,41.95,41.23
2024-11-12,41.87,41.57,42.65,41.37
2024-11-13,41.33,41.43,41.64,40.82
2024-11-14,41.18,40.38,41.61,40.32
2024-11-15,40.27,39.41,40.67,39.35
2024-11-18,39.39,39.22,40.06,39.09
2024-11-19,39.29,39.28,39.74,38.52
2024-11-20,39.06,39.3,39.39,38.89
2024-11-21,39.27,39.63,39.72,39.18
2024-11-22,39.55,38.23,39.62,38.18
2024-11-25,38.12,37.79,38.57,37.56
2024-11-26,37.85,37.93,38.33,37.7
2024-11-27,37.77,38.26,38.26,37.56
2024-11-28,38.27,37.77,38.27,37.68
2024-11-29,37.88,38.0,38.19,37.57
2024-12-02,37.87,38.23,38.43,37.52
2024-12-03,38.12,38.2,38.87,37.99
2024-12-04,37.99,37.63,38.09,37.48
2024-12-05,37.37,37.71,37.81,37.11
2024-12-06,37.55,37.68,38.02,37.55
2024-12-09,37.6,36.82,37.61,36.65
2024-12-10,37.89,37.02,38.35,37.01
2024-12-11,37.04,37.84,38.02,36.99
2024-12-12,37.92,38.58,38.65,37.63
2024-12-13,38.33,37.61,38.36,37.61
2024-12-16,37.62,37.2,37.79,36.99
2024-12-17,37.2,37.09,37.52,36.95
2024-12-18,37.17,36.77,37.29,36.67
2024-12-19,36.48,36.8,36.93,36.13
2024-12-20,36.77,36.2,37.09,36.2
2024-12-23,36.21,36.34,36.65,36.02
2024-12-24,36.35,36.6,37.05,36.15
2024-12-25,36.83,36.34,36.87,36.19
2024-12-26,36.35,36.19,36.56,36.11
2024-12-27,36.2,36.63,37.02,35.78
2024-12-30,36.77,36.77,36.98,36.18
2024-12-31,36.62,36.54,37.35,36.53
2025-01-02,36.56,35.69,36.9,35.52
2025-01-03,35.78,35.42,36.18,35.3
2025-01-06,35.64,35.59,36.01,35.38
2025-01-07,35.65,35.78,36.13,35.3
2025-01-08,35.62,35.35,35.98,35.21
2025-01-09,35.9,35.4,36.27,35.14
2025-01-10,35.23,34.3,35.28,34.25
2025-01-13,33.91,34.35,34.8,33.82
2025-01-14,34.38,35.14,35.15,34.15
2025-01-15,34.96,34.47,35.05,34.3
2025-01-16,34.51,34.53,35.15,34.24
2025-01-17,34.52,34.79,35.0,34.25
2025-01-20,35.0,35.33,35.6,34.82
2025-01-21,35.5,35.0,35.51,34.81
2025-01-22,34.92,34.62,34.92,34.41
2025-01-23,34.95,34.91,35.24,34.78
2025-01-24,34.82,34.98,35.09,34.66
2025-01-27,35.02,35.31,35.78,35.02
2025-02-05,35.45,34.92,35.53,34.81
2025-02-06,34.93,34.9,34.96,34.42
2025-02-07,34.76,34.92,35.23,34.45
2025-02-10,34.82,34.68,34.9,34.53
2025-02-11,34.69,34.34,34.85,34.28
2025-02-12,34.2,34.41,34.42,33.93
2025-02-13,34.31,36.31,36.55,34.25
2025-02-14,35.9,35.81,36.18,35.51
2025-02-17,35.78,35.96,36.19,35.33
2025-02-18,36.0,35.27,36.16,35.2
2025-02-19,35.21,35.5,35.59,34.91
2025-02-20,35.48,35.02,35.48,35.0
2025-02-21,35.1,35.1,36.16,34.98
2025-02-24,35.47,35.3,35.94,35.13
2025-02-25,35.12,34.69,35.12,34.61
2025-02-26,34.7,34.93,34.95,34.48
2025-02-27,34.9,34.61,34.99,34.37
2025-02-28,34.57,34.39,35.18,34.3
2025-03-03,34.39,34.77,35.17,34.21
2025-03-04,34.78,35.17,35.41,34.38
2025-03-05,35.2,34.68,35.26,34.62
2025-03-06,34.8,34.95,35.05,34.5
2025-03-07,34.85,35.0,35.36,34.72
2025-03-10,35.6,35.41,35.69,35.06
2025-03-11,35.01,36.2,36.23,34.96
2025-03-12,36.21,36.07,36.28,35.88
2025-03-13,36.05,36.13,36.31,35.96
2025-03-14,36.29,36.6,36.77,36.15
2025-03-17,36.93,37.31,37.67,36.77
2025-03-18,37.29,36.73,37.29,36.6
2025-03-19,36.7,36.84,36.85,36.38
2025-03-20,37.2,36.36,37.2,36.35
2025-03-21,36.36,36.68,37.35,35.82
2025-03-24,36.3,36.35,36.48,35.66
2025-03-25,36.39,36.7,36.7,36.07
2025-03-26,36.72,38.07,38.3,36.6
2025-03-27,38.04,37.89,38.23,37.81
2025-03-28,37.89,37.74,37.9,37.49
2025-03-31,37.56,36.83,38.01,36.76
2025-04-01,36.81,36.88,37.53,36.76
2025-04-02,36.9,37.14,37.28,36.9
2025-04-03,36.8,37.59,37.77,36.8
2025-04-07,36.95,36.88,38.29,35.63
2025-04-08,36.88,39.45,40.1,36.01
2025-04-09,40.05,40.3,41.6,38.68
2025-04-10,39.1,40.04,40.38,38.75
2025-04-11,39.92,39.03,39.96,38.68
2025-04-14,39.03,38.84,39.3,38.78
2025-04-15,38.76,38.71,38.79,38.33
2025-04-16,38.4,38.9,39.1,38.0
2025-04-17,38.6,38.87,38.93,38.32
2025-04-18,38.66,38.47,38.78,38.28
2025-04-21,38.37,38.6,38.63,38.17
2025-04-22,38.53,38.54,38.93,38.36
2025-04-23,38.58,38.47,38.58,37.8
2025-04-24,38.3,38.62,39.3,38.3
2025-04-25,38.9,38.13,39.18,38.11
2025-04-28,38.13,37.83,38.27,37.8
2025-04-29,37.8,37.6,37.8,37.4
2025-04-30,37.59,37.77,37.86,37.49
2025-05-06,37.78,37.82,38.0,37.61
2025-05-07,38.03,37.83,38.07,37.68
2025-05-08,37.88,37.8,38.25,37.72
2025-05-09,37.8,37.52,37.92,37.48
2025-05-12,37.55,37.34,37.56,37.14
2025-05-13,37.4,37.44,37.54,37.19
2025-05-14,37.44,38.07,38.11,37.25
2025-05-15,37.85,37.84,38.14,37.79
2025-05-16,37.8,37.35,37.9,37.25
2025-05-19,37.25,37.33,37.5,37.19
2025-05-20,37.33,37.65,37.84,37.19
2025-05-21,37.65,38.09,38.43,37.61
2025-05-22,38.11,37.96,38.2,37.72
2025-05-23,37.9,37.61,38.27,37.6
2025-05-26,37.6,37.48,37.76,37.26
2025-05-27,37.4,36.89,37.72,36.89
2025-05-28,36.87,36.5,37.04,36.46
2025-05-29,36.44,36.76,36.8,36.26
2025-05-30,36.94,38.54,38.76,36.89
2025-06-03,38.16,39.64,39.88,38.13
2025-06-04,39.51,39.85,39.86,38.98
2025-06-05,39.7,38.9,39.84,38.82
2025-06-06,39.1,39.24,39.54,38.8
2025-06-09,39.24,40.93,41.07,39.08
2025-06-10,40.9,40.45,41.15,40.14
2025-06-11,40.58,42.48,42.68,40.45
2025-06-12,42.1,41.88,42.37,41.64
2025-06-13,41.72,41.88,42.2,41.25
2025-06-16,41.71,41.06,41.71,41.01
2025-06-17,41.1,41.14,41.52,40.93
2025-06-18,41.08,40.59,41.37,40.54
2025-06-19,40.69,40.4,41.0,40.05
2025-06-20,40.49,39.93,40.8,39.93
2025-06-23,40.11,39.78,40.93,39.6
2025-06-24,39.95,39.92,40.32,39.38
2025-06-25,39.89,40.13,40.19,39.46
2025-06-26,40.21,40.46,40.9,40.03
2025-06-27,40.45,40.33,40.74,40.17
2025-06-30,40.47,40.67,40.87,40.24
2025-07-01,40.68,40.65,40.96,40.32
2025-07-02,40.66,41.23,41.29,40.56
2025-07-03,41.47,42.04,42.24,41.06
2025-07-04,41.84,42.39,42.51,41.63
2025-07-07,42.26,42.1,42.51,41.92
2025-07-08,42.11,42.33,42.5,41.65
2025-07-09,42.31,43.76,44.26,42.29
2025-07-10,44.66,43.97,44.68,43.36
2025-07-11,44.52,44.35,45.52,44.14
2025-07-14,44.36,44.17,44.61,43.91
2025-07-15,44.29,43.55,44.42,43.36
2025-07-16,43.44,43.8,43.84,43.14
2025-07-17,43.8,43.94,44.88,43.8
2025-07-18,43.99,44.7,45.17,43.89
2025-07-21,44.83,45.99,46.16,44.79
2025-07-22,45.94,47.08,47.15,45.68
2025-07-23,48.24,47.75,48.74,47.37
2025-07-24,47.16,46.93,47.23,46.58
2025-07-25,46.99,47.24,47.86,46.95
2025-07-28,47.06,47.0,47.66,46.71
2025-07-29,46.76,45.94,46.98,45.76
2025-07-30,45.94,45.93,46.96,45.55
2025-07-31,45.44,45.02,45.65,44.76
2025-08-01,45.07,44.47,45.25,44.36
2025-08-04,44.46,44.57,44.83,44.3
2025-08-05,44.85,44.92,45.11,44.54
2025-08-06,44.9,45.43,45.76,44.76
2025-08-07,45.44,45.33,46.03,44.99
2025-08-08,45.55,45.61,46.05,45.26
2025-08-11,45.88,45.41,45.88,44.96
2025-08-12,45.41,45.68,45.91,45.36
2025-08-13,45.73,45.55,46.04,44.86
2025-08-14,45.37,45.13,45.92,45.08
2025-08-15,44.93,44.73,45.19,44.42
2025-08-18,44.73,44.99,44.99,44.37
2025-08-19,45.04,45.37,46.04,45.02
2025-08-20,45.56,46.16,46.32,44.9
2025-08-21,48.29,48.87,50.42,47.02
2025-08-22,49.14,49.01,49.4,48.24
2025-08-25,49.03,50.04,50.11,48.76
2025-08-26,49.95,53.72,54.89,49.57
2025-08-27,53.36,53.16,54.65,53.08
2025-08-28,52.96,53.16,53.46,52.16
2025-08-29,53.16,53.62,54.16,52.96
2025-09-01,53.89,53.46,54.14,52.64
2025-09-02,53.21,53.41,55.11,53.16
2025-09-03,53.41,52.5,54.51,52.26
2025-09-04,52.51,51.49,52.8,50.71
2025-09-05,51.55,52.36,52.36,50.68
2025-09-08,53.16,54.31,54.96,53.16
2025-09-09,54.3,53.24,54.53,52.79
2025-09-10,52.86,53.06,53.62,51.78
2025-09-11,53.61,56.11,57.15,53.59
2025-09-12,56.06,56.2,57.12,55.76
2025-09-15,56.16,57.43,58.34,55.79
2025-09-16,57.46,56.01,57.52,54.98
2025-09-17,56.02,54.85,56.24,54.27
2025-09-18,54.86,53.41,55.16,52.91
2025-09-19,52.96,53.04,53.61,52.39
2025-09-22,52.5,52.22,52.5,51.21
2025-09-23,51.76,51.88,52.91,51.38
2025-09-24,51.76,52.62,52.91,51.47
2025-09-25,52.63,51.5,52.86,51.04
2025-09-26,51.39,51.13,51.91,50.96
2025-09-29,50.46,51.66,51.81,49.73
2025-09-30,51.54,51.66,52.0,50.62
2025-10-09,50.6,51.51,51.56,49.26
2025-10-10,51.43,51.88,52.75,51.0
2025-10-13,50.93,51.76,52.84,50.93
2025-10-14,51.86,52.36,53.06,51.54
2025-10-15,52.27,51.93,52.66,51.19
2025-10-16,52.26,50.91,52.27,50.91
2025-10-17,50.68,50.2,51.06,49.96
2025-10-20,50.18,49.06,50.38,48.8
2025-10-21,49.06,49.04,49.6,48.76
2025-10-22,49.04,48.28,49.36,48.05
2025-10-23,48.34,48.29,48.7,47.76
2025-10-24,48.6,48.44,49.22,48.03
2025-10-27,48.46,49.83,50.17,48.18
2025-10-28,49.82,50.0,50.56,49.58
2025-10-29,49.71,49.98,50.49,49.67
2025-10-30,50.08,49.26,50.13,48.99
2025-10-31,49.6,49.88,51.26,49.6
2025-11-03,49.93,50.77,51.52,49.93
2025-11-04,50.58,49.08,50.69,48.93
2025-11-05,48.63,49.01,49.46,48.35
2025-11-06,48.79,48.83,49.58,48.55
2025-11-07,48.89,49.29,49.87,48.72
2025-11-10,49.95,51.25,51.38,49.09
2025-11-11,51.23,50.16,51.23,50.04
2025-11-12,49.99,49.72,50.42,49.46
2025-11-13,49.68,50.15,50.26,49.23
2025-11-14,49.76,49.45,50.31,49.45
2025-11-17,49.18,48.04,49.23,47.21
2025-11-18,47.58,48.18,48.53,47.54
2025-11-19,48.18,48.03,48.3,47.65
2025-11-20,48.03,47.8,48.48,47.69
2025-11-21,47.58,47.47,48.55,47.42
2025-11-24,48.92,49.04,50.39,48.55
2025-11-25,48.79,49.41,50.18,48.29
2025-11-26,49.58,49.18,50.46,49.1
2025-11-27,49.29,49.48,50.08,48.78
2025-11-28,49.59,50.33,50.38,49.36
2025-12-01,50.54,49.28,50.56,48.95
2025-12-02,49.13,48.71,49.4,48.64
2025-12-03,48.58,48.38,48.87,48.22
2025-12-04,48.28,48.54,48.92,48.28
2025-12-05,48.45,48.41,48.87,48.2
2025-12-08,48.35,47.96,48.46,47.68
2025-12-09,48.06,47.58,48.69,47.46
2025-12-10,47.38,47.57,47.65,46.93
2025-12-11,47.46,46.92,47.48,46.46
2025-12-12,46.93,48.36,48.54,46.7
2025-12-15,48.33,48.83,49.48,48.2
2025-12-16,48.84,48.64,49.17,48.34
2025-12-17,49.33,49.17,49.46,47.88
2025-12-18,48.76,49.06,49.72,48.57
2025-12-19,48.98,48.77,49.78,48.63
2025-12-22,49.08,49.17,49.44,48.3
2025-12-23,49.13,48.92,49.38,48.8
2025-12-24,48.75,47.7,48.85,47.18
2025-12-25,47.48,47.53,47.69,47.3
2025-12-26,47.38,47.53,47.66,47.17
2025-12-29,47.68,49.48,50.17,47.68
2025-12-30,49.58,50.47,50.93,49.51
2025-12-31,50.08,50.16,50.35,49.6
2026-01-05,50.18,49.68,50.3,49.36
2026-01-06,49.41,50.96,51.03,49.07
2026-01-07,50.77,50.38,51.43,50.26
2026-01-08,50.86,49.74,50.9,49.64
2026-01-09,49.68,49.34,50.1,49.16
2026-01-12,49.34,48.93,49.37,48.38
2026-01-13,49.03,47.76,49.1,47.68
2026-01-14,47.77,47.98,48.27,47.48
2026-01-15,48.06,47.88,48.31,47.76
2026-01-16,47.89,46.91,47.99,46.7
2026-01-19,46.91,46.76,47.34,46.58
2026-01-20,46.81,46.42,46.99,46.33
2026-01-21,46.46,45.85,46.54,45.7
2026-01-22,45.81,45.2,46.13,45.07
2026-01-23,45.2,45.59,45.59,45.03
2026-01-26,45.58,46.09,46.46,45.1
2026-01-27,46.09,44.61,46.1,44.58
2026-01-28,44.46,44.72,44.91,43.78
2026-01-29,44.43,45.91,45.94,44.23
2026-01-30,45.68,45.58,47.37,45.46
2026-02-02,45.61,44.68,45.91,44.49
2026-02-03,44.59,45.26,45.29,44.23
2026-02-04,45.33,46.44,46.54,45.06
2026-02-05,46.42,46.31,47.07,45.98
2026-02-06,45.67,45.99,46.63,45.63
2026-02-09,45.74,46.23,46.87,45.66
2026-02-10,46.04,45.5,46.52,45.41
2026-02-11,45.46,45.61,45.75,44.93
2026-02-12,45.39,44.82,45.66,44.75
2026-02-13,44.82,44.93,45.66,44.6
2026-02-24,45.09,44.14,45.44,43.98
2026-02-25,44.09,44.37,44.67,43.99
2026-02-26,44.61,44.71,45.56,44.49
2026-02-27,44.73,46.48,46.64,44.73
2026-03-02,46.08,46.39,47.72,46.0
2026-03-03,46.28,46.11,47.08,46.04
2026-03-04,46.27,46.71,46.81,45.84
2026-03-05,46.71,46.38,46.76,45.76
2026-03-06,46.25,48.92,49.11,46.13
2026-03-09,49.18,48.99,50.34,48.79
2026-03-10,48.46,47.91,49.13,47.77
2026-03-11,47.92,48.89,49.36,47.8
2026-03-12,49.08,50.17,50.26,48.58
2026-03-13,50.08,49.37,50.33,49.15
2026-03-16,49.61,49.32,50.38,49.22
2026-03-17,49.09,49.82,51.06,48.78
2026-03-18,49.76,49.27,50.3,49.01
2026-03-19,49.09,48.38,49.37,48.14
2026-03-20,48.51,49.03,49.48,48.2
2026-03-23,48.08,44.78,48.15,44.34
2026-03-24,44.78,43.08,45.08,41.88
2026-03-25,42.7,44.1,44.46,42.6
2026-03-26,43.91,43.58,44.38,43.48
2026-03-27,43.31,44.78,45.07,43.14
2026-03-30,44.36,42.81,44.38,42.6
2026-03-31,42.71,41.29,42.93,40.81
2026-04-01,41.53,41.78,41.93,40.99
2026-04-02,41.79,43.23,44.06,41.74
2026-04-03,43.01,42.48,43.08,42.28
2026-04-07,42.5,43.03,44.44,41.98
2026-04-08,43.28,43.92,44.23,42.8
2026-04-09,43.51,43.38,43.68,43.08
2026-04-10,43.41,42.59,43.58,42.42
2026-04-13,42.58,43.75,44.08,42.23
2026-04-14,43.76,45.36,45.68,43.38
2026-04-15,45.34,45.63,45.96,44.78
2026-04-16,45.68,46.02,46.25,45.38
2026-04-17,45.74,45.11,45.81,44.92
2026-04-20,45.52,44.9,45.8,44.78
2026-04-21,44.92,45.06,45.74,44.71
2026-04-22,45.04,44.3,46.03,44.02
2026-04-23,43.98,43.07,44.22,42.79
2026-04-24,43.06,42.72,43.08,42.46
2026-04-27,42.59,41.84,42.63,41.76
2026-04-28,41.85,42.88,43.07,41.7
2026-04-29,43.02,44.2,44.97,42.97
2026-04-30,43.58,44.28,44.96,43.39
2026-05-06,43.97,44.22,44.33,43.58
2026-05-07,44.06,43.65,44.19,43.29
2026-05-08,43.83,43.09,44.15,42.99
2026-05-11,43.43,43.9,44.68,42.78
2026-05-12,43.88,42.51,43.89,42.39
2026-05-13,42.37,41.96,42.66,41.88
2026-05-14,42.08,42.21,43.15,42.04
2026-05-15,42.25,42.08,42.71,41.28
2026-05-18,41.88,40.01,41.91,39.81
2026-05-19,40.46,39.88,40.63,39.16
2026-05-20,39.57,39.12,39.94,39.02
2026-05-21,39.35,39.07,40.24,38.98
2026-05-22,39.38,38.42,39.52,38.23
2026-05-25,38.38,38.02,38.86,37.66
2026-05-26,38.01,38.29,38.44,37.67
2026-05-27,38.21,37.76,38.25,37.5
2026-05-28,37.59,37.05,37.73,36.75
2026-05-29,37.06,38.07,38.58,36.75
2026-06-01,37.99,37.82,38.34,37.25
2026-06-02,37.82,36.76,37.94,36.6
2026-06-03,36.76,36.2,36.82,35.8
2026-06-04,36.19,35.13,36.65,35.06
2026-06-05,35.13,35.06,35.63,34.85
2026-06-08,34.83,34.15,35.57,33.85
2026-06-09,34.16,34.23,34.35,33.78
2026-06-10,33.95,34.43,34.91,33.88
2026-06-11,34.44,34.16,34.67,33.88
2026-06-12,34.22,34.86,35.15,33.75
2026-06-15,35.0,35.28,35.63,34.61
2026-06-16,35.06,35.05,35.27,34.72
2026-06-17,34.95,34.66,35.0,34.19
2026-06-18,34.76,33.63,34.93,33.52
2026-06-22,33.46,33.95,34.19,32.99
2026-06-23,34.18,33.02,35.04,33.0
2026-06-24,33.04,32.53,33.2,32.35
2026-06-25,32.2,32.36,32.78,31.81
2026-06-26,33.03,33.56,34.6,32.38
2026-06-29,33.6,35.99,36.14,33.11
2026-06-30,35.35,34.99,35.93,34.7
2026-07-01,35.0,36.98,38.12,34.52
2026-07-02,36.64,37.35,37.95,36.4
2026-07-03,37.25,36.9,38.06,36.28
2026-07-06,37.5,38.68,38.99,37.31
2026-07-07,38.5,38.49,38.94,37.74
2026-07-08,38.0,36.8,38.34,36.79
2026-07-09,36.95,37.11,37.6,36.4
2026-07-10,36.74,38.14,38.46,36.01
2026-07-13,37.45,38.55,39.19,37.35
2026-07-14,38.3,38.08,38.36,37.52
2026-07-15,37.71,39.65,40.1,37.68
2026-07-16,39.87,40.9,41.27,39.67
2026-07-17,40.91,39.83,41.55,39.21
2026-07-20,39.28,40.61,40.84,38.42
2026-07-21,40.02,39.42,40.87,39.13
2026-07-22,39.0,39.44,40.05,38.61
2026-07-23,38.96,39.7,40.16,38.47
2026-07-24,39.48,38.68,40.0,38.61
2026-07-27,38.67,39.33,39.5,38.51
2026-07-28,39.1,39.3,39.54,38.86
2026-07-29,39.3,38.88,39.85,38.61
2026-07-30,38.78,39.92,40.3,38.56
2026-07-31,39.0,39.26,39.33,38.75
2026-08-03,39.2,38.93,39.9,38.83
2026-08-04,38.9,37.95,38.92,37.88
