期间截止日,年份,起始月份,截止月份,覆盖月数,销量_万头,销售收入_亿元,商品猪销售均价_元每公斤,收入反推平均重量_公斤每头,公告日期,公告标题,公告编码
2016-08-31,2016,8,8,1,33.6,5.79,18.05,95.46893549663632,2016-09-07,牧原股份:2016年8月份生猪销售简报,AN201609060017511185
2016-09-30,2016,9,9,1,25.6,4.62,17.55,102.83119658119658,2016-10-11,牧原股份:2016年9月份生猪销售简报,AN201610100021790371
2016-10-31,2016,10,10,1,27.2,4.25,15.71,99.45894334818587,2016-11-08,牧原股份:2016年10月份生猪销售简报,AN201611070072166670
2016-11-30,2016,11,11,1,30.9,4.74,16.26,94.34074923273504,2016-12-06,牧原股份:2016年11月份生猪销售简报,AN201612050159898442
2016-12-31,2016,12,12,1,47.2,8.11,16.95,101.36993150342484,2017-01-06,牧原股份:2016年12月份生猪销售简报,AN201701050241687932
2017-02-28,2017,1,2,2,80.7,12.99,17.21,93.53082088955802,2017-03-07,牧原股份:2017年1-2月份生猪销售简报,AN201703060387953872
2017-03-31,2017,3,3,1,43.4,6.7,15.77,97.8933926343258,2017-04-08,牧原股份:2017年3月份生猪销售简报,AN201704070483958294
2017-04-30,2017,4,4,1,40.0,6.27,15.02,104.36085219707057,2017-05-06,牧原股份:2017年4月份生猪销售简报,AN201705050557416633
2017-05-31,2017,5,5,1,52.7,7.19,13.46,101.36154351497584,2017-06-06,牧原股份:2017年5月份生猪销售简报,AN201706050626349561
2017-06-30,2017,6,6,1,78.2,9.19,13.26,88.62683377502093,2017-07-06,牧原股份:2017年6月份生猪销售简报,AN201707050694935073
2017-07-31,2017,7,7,1,71.1,8.66,13.63,89.36190850620116,2017-08-07,牧原股份:2017年7月份生猪销售简报,AN201708060779175377
2017-08-31,2017,8,8,1,78.6,9.93,14.07,89.79095796915097,2017-09-06,牧原股份:2017年8月份生猪销售简报,AN201709050857729735
2017-09-30,2017,9,9,1,79.3,10.64,14.17,94.6887951295786,2017-10-10,牧原股份:2017年9月份生猪销售简报,AN201710090940191619
2017-10-31,2017,10,10,1,61.5,8.82,13.91,103.10182181620522,2017-11-04,牧原股份:2017年10月份生猪销售简报,AN201711031005663690
2017-11-30,2017,11,11,1,63.2,8.95,14.08,100.57807105868815,2017-12-06,牧原股份:2017年11月份生猪销售简报,AN201712051062658980
2017-12-31,2017,12,12,1,74.8,10.33,14.75,93.62820629022025,2018-01-06,牧原股份:2017年12月份生猪销售简报,AN201801051074450680
2018-02-28,2018,1,2,2,121.8,16.75,13.65,100.7476376934505,2018-03-06,牧原股份:2018年1-2月份生猪销售简报,AN201803051098655766
2018-03-31,2018,3,3,1,99.7,10.72,10.36,103.78626226168853,2018-04-09,牧原股份:2018年3月份生猪销售简报,AN201804081119421819
2018-04-30,2018,4,4,1,87.6,9.1,9.99,103.9852638026154,2018-05-05,牧原股份:2018年4月份生猪销售简报,AN201805041137714438
2018-05-31,2018,5,5,1,83.8,8.92,10.09,105.49446390599167,2018-06-06,牧原股份:2018年5月份生猪销售简报,AN201806051152889587
2018-06-30,2018,6,6,1,81.5,9.35,11.19,102.52361606824674,2018-07-10,牧原股份:2018年6月份生猪销售简报,AN201807091164717534
2018-07-31,2018,7,7,1,100.2,12.11,12.27,98.49900850296149,2018-08-07,牧原股份:2018年7月份生猪销售简报,AN201808061175320382
2018-08-31,2018,8,8,1,112.6,14.1,13.21,94.79335720422792,2018-09-06,牧原股份:2018年8月份生猪销售简报,AN201809051188914461
2018-09-30,2018,9,9,1,77.4,10.01,12.53,103.21481673956664,2018-10-09,牧原股份:2018年9月份生猪销售简报,AN201810081209576562
2018-10-31,2018,10,10,1,110.5,15.0,12.23,110.99477214623191,2018-11-06,牧原股份:2018年10月份生猪销售简报,AN201811051235825241
2018-11-30,2018,11,11,1,92.3,11.48,11.24,110.65572190327842,2018-12-05,牧原股份:2018年11月份生猪销售简报,AN201812041259047919
2018-12-31,2018,12,12,1,133.8,15.16,10.64,106.48819357811567,2019-01-08,牧原股份:2018年12月份生猪销售简报,AN201901071282771010
2019-02-28,2019,1,2,2,202.61,18.02,9.6,92.6451474918974,2019-03-07,牧原股份:2019年1-2月份生猪销售简报,AN201903061303368154
2019-03-31,2019,3,3,1,105.1,12.3,13.15,88.99726134443749,2019-04-08,牧原股份:2019年3月份生猪销售简报,AN201904071316534494
2019-04-30,2019,4,4,1,105.2,14.3,13.68,99.36517466035177,2019-05-09,牧原股份:2019年4月份生猪销售简报,AN201905081327879608
2019-05-31,2019,5,5,1,88.5,12.03,13.83,98.28792725222742,2019-06-06,牧原股份:2019年5月份生猪销售简报,AN201906051333814730
2019-06-30,2019,6,6,1,80.1,11.93,15.26,97.60080371357562,2019-07-09,牧原股份:2019年6月份生猪销售简报,AN201907081338127110
2019-07-31,2019,7,7,1,68.0,11.3,16.01,103.79542197891023,2019-08-06,牧原股份:2019年7月份生猪销售简报,AN201908051342373405
2019-08-31,2019,8,8,1,71.1,13.67,20.27,94.85171007155859,2019-09-07,牧原股份:2019年8月份生猪销售简报,AN201909061349657956
2019-09-30,2019,9,9,1,72.52,19.22,26.17,101.27257793615127,2019-10-09,牧原股份:2019年9月份生猪销售简报,AN201910081368272754
2019-10-31,2019,10,10,1,74.35,27.28,33.5,109.526342731534,2019-11-07,牧原股份:2019年10月份生猪销售简报,AN201911061370460998
2019-11-30,2019,11,11,1,75.11,28.41,30.3,124.83341264495242,2019-12-06,牧原股份:2019年11月份生猪销售简报,AN201912051371617888
2019-12-31,2019,12,12,1,82.72,28.16,30.52,111.54178634170826,2020-01-07,牧原股份:2019年12月份生猪销售简报,AN202001061373601650
2020-02-29,2020,1,2,2,139.5,46.24,32.5,101.9906258615936,2020-03-06,牧原股份:2020年1-2月份生猪销售简报,AN202003051375910390
2020-03-31,2020,3,3,1,116.9,33.81,31.38,92.16748148063337,2020-04-08,牧原股份:2020年3月份生猪销售简报,AN202004071377714522
2020-04-30,2020,4,4,1,124.7,39.9,29.1,109.95461272001255,2020-05-07,牧原股份:2020年4月份生猪销售简报,AN202005061379360755
2020-05-31,2020,5,5,1,144.7,40.67,26.2,107.27643927684022,2020-06-06,牧原股份:2020年5月份生猪销售简报,AN202006051382582899
2020-06-30,2020,6,6,1,152.3,46.58,31.41,97.37145160181053,2020-07-07,牧原股份:2020年6月份生猪销售简报,AN202007061389857799
2020-07-31,2020,7,7,1,181.6,60.03,35.23,93.82959807232774,2020-08-06,牧原股份:2020年7月份生猪销售简报,AN202008051396545635
2020-08-31,2020,8,8,1,163.4,59.12,34.47,104.96417334144355,2020-09-04,牧原股份:2020年8月份生猪销售简报,AN202009031407226450
2020-09-30,2020,9,9,1,165.0,57.54,32.12,108.57013472206499,2020-10-10,牧原股份:2020年9月份生猪销售简报,AN202010091420276794
2020-10-31,2020,10,10,1,151.6,49.11,27.65,117.15898409729611,2020-11-07,牧原股份:2020年10月份生猪销售简报,AN202011061427126477
2020-11-30,2020,11,11,1,207.6,50.78,26.32,92.93503405543744,2020-12-07,牧原股份:2020年11月份生猪销售简报,AN202012061437334147
2020-12-31,2020,12,12,1,264.1,66.86,30.15,83.96739010990736,2021-01-04,牧原股份:2020年12月份生猪销售简报,AN202101031446696519
2021-02-28,2021,1,2,2,488.7,122.81,26.95,93.24651787161653,2021-03-08,牧原股份:2021年1-2月份生猪销售简报,AN202103071469457609
2021-03-31,2021,3,3,1,283.3,70.58,23.21,107.33959171717947,2021-04-07,牧原股份:2021年3月份生猪销售简报,AN202104061481585714
2021-04-30,2021,4,4,1,314.5,79.24,21.11,119.35361672035118,2021-05-07,牧原股份:2021年4月份生猪销售简报,AN202105061490119995
2021-05-31,2021,5,5,1,309.7,67.8,17.65,124.03486513952552,2021-06-05,牧原股份:2021年5月份生猪销售简报,AN202106041495965689
2021-06-30,2021,6,6,1,347.5,57.07,13.58,120.93535775208993,2021-07-06,牧原股份:2021年6月份生猪销售简报,AN202107051501976069
2021-07-31,2021,7,7,1,301.1,52.07,15.04,114.98176897475216,2021-08-07,牧原股份:2021年7月份生猪销售简报,AN202108061508459628
2021-08-31,2021,8,8,1,257.3,42.34,13.92,118.21479466252107,2021-09-06,牧原股份:2021年8月份生猪销售简报,AN202109051514405842
2021-09-30,2021,9,9,1,308.6,42.68,11.49,120.36728378871535,2021-10-09,牧原股份:2021年9月份生猪销售简报,AN202110081521391121
2021-10-31,2021,10,10,1,525.8,71.01,11.88,113.67958781423978,2021-11-06,牧原股份:2021年10月份生猪销售简报,AN202111051527253257
2021-11-30,2021,11,11,1,387.4,67.67,15.96,109.44695243529578,2021-12-07,牧原股份:2021年11月份生猪销售简报,AN202112061533228300
2021-12-31,2021,12,12,1,502.5,77.65,14.75,104.76431402310482,2022-01-06,牧原股份:2021年12月份生猪销售简报,AN202201051538645981
2022-02-28,2022,1,2,2,783.1,101.62,12.38,104.81931613080774,2022-03-08,牧原股份:2022年1-2月份生猪销售简报,AN202203071551194508
2022-03-31,2022,3,3,1,598.6,74.32,11.67,106.38934434560387,2022-04-07,牧原股份:2022年3月份生猪销售简报,AN202204061557655942
2022-04-30,2022,4,4,1,632.1,79.42,12.56,100.03557044207106,2022-05-06,牧原股份:2022年4月份生猪销售简报,AN202205051563725258
2022-05-31,2022,5,5,1,586.3,84.09,14.87,96.45250021191106,2022-06-07,牧原股份:2022年5月份生猪销售简报,AN202206061570406543
2022-06-30,2022,6,6,1,527.9,87.54,16.53,100.31873027703854,2022-07-05,牧原股份:2022年6月份生猪销售简报,AN202207041575781950
2022-07-31,2022,7,7,1,459.4,104.91,21.33,107.06192324483658,2022-08-06,牧原股份:2022年7月份生猪销售简报,AN202208051576941144
2022-08-31,2022,8,8,1,488.7,116.6,20.94,113.94087074668793,2022-09-06,牧原股份:2022年8月份生猪销售简报,AN202209051578054868
2022-09-30,2022,9,9,1,446.2,119.59,23.06,116.22672404107851,2022-10-10,牧原股份:2022年9月份生猪销售简报,AN202210091579003166
2022-10-31,2022,10,10,1,477.9,149.37,26.05,119.98269781541846,2022-11-07,牧原股份:2022年10月份生猪销售简报,AN202211061579996293
2022-11-30,2022,11,11,1,517.1,148.42,23.33,123.02776961064885,2022-12-06,牧原股份:2022年11月份生猪销售简报,AN202212051580828329
2022-12-31,2022,12,12,1,602.7,131.75,18.61,117.46353303382138,2023-01-06,牧原股份:2022年12月份生猪销售简报,AN202301051581730422
2023-02-28,2023,1,2,2,884.4,146.65,14.49,114.43660048462125,2023-03-16,牧原股份:2023年1-2月份生猪销售简报,AN202303151584286881
2023-03-31,2023,3,3,1,500.1,87.49,15.0,116.63000733186696,2023-04-07,牧原股份:2023年3月份生猪销售简报,AN202304061585190871
2023-04-30,2023,4,4,1,534.2,91.06,14.2,120.0426068202551,2023-05-06,牧原股份:2023年4月份生猪销售简报,AN202305051586306609
2023-05-31,2023,5,5,1,576.4,94.89,14.18,116.09679847386973,2023-06-06,牧原股份:2023年5月份生猪销售简报,AN202306051590425426
2023-06-30,2023,6,6,1,531.4,86.89,13.82,118.31510789564415,2023-07-06,牧原股份:2023年6月份生猪销售简报,AN202307051592049043
2023-07-31,2023,7,7,1,570.0,93.45,13.81,118.7164144975037,2023-08-08,牧原股份:2023年7月份生猪销售简报,AN202308071593428828
2023-08-31,2023,8,8,1,567.2,108.07,16.35,116.53360248098927,2023-09-06,牧原股份:2023年8月份生猪销售简报,AN202309051597515022
2023-09-30,2023,9,9,1,537.3,98.7,15.82,116.11647223333976,2023-10-10,牧原股份:2023年9月份生猪销售简报,AN202310091601102012
2023-10-31,2023,10,10,1,488.0,83.89,14.52,118.39238133947522,2023-11-07,牧原股份:2023年10月份生猪销售简报,AN202311061609039563
2023-11-30,2023,11,11,1,529.5,87.91,13.7,121.185803988062,2023-12-06,牧原股份:2023年11月份生猪销售简报,AN202312051613389311
2023-12-31,2023,12,12,1,663.1,103.19,13.42,115.95942914563106,2024-01-06,牧原股份:2023年12月份生猪销售简报,AN202401051616657453
2024-02-29,2024,1,2,2,1054.0,166.35,13.84,114.0370841605335,2024-03-06,牧原股份:2024年1-2月份生猪销售简报,AN202403051625521634
2024-03-31,2024,3,3,1,547.1,90.75,14.24,116.4849800480162,2024-04-09,牧原股份:2024年3月份生猪销售简报,AN202404081630052657
2024-04-30,2024,4,4,1,545.0,91.53,14.8,113.4763203570543,2024-05-07,牧原股份:2024年4月份生猪销售简报,AN202405061632489483
2024-05-31,2024,5,5,1,586.0,104.5,15.52,114.90183315154289,2024-06-06,牧原股份:2024年5月份生猪销售简报,AN202406051635591819
2024-06-30,2024,6,6,1,506.8,107.1,17.73,119.1911826569818,2024-07-06,牧原股份:2024年6月份生猪销售简报,AN202407051637599281
2024-07-31,2024,7,7,1,615.8,134.05,18.3,118.95317655118315,2024-08-06,牧原股份:2024年7月份生猪销售简报,AN202408051639148810
2024-08-31,2024,8,8,1,624.1,140.24,19.71,114.00688935242802,2024-09-06,牧原股份:2024年8月份生猪销售简报,AN202409051639759388
2024-09-30,2024,9,9,1,535.8,118.99,18.65,119.07728364891467,2024-10-09,牧原股份:2024年9月份生猪销售简报,AN202410081640202524
2024-10-31,2024,10,10,1,649.8,134.23,17.17,120.30940750910678,2024-11-05,牧原股份:2024年10月份生猪销售简报,AN202411041640707678
2024-11-30,2024,11,11,1,638.3,120.68,16.22,116.5627022920199,2024-12-06,牧原股份:2024年11月份生猪销售简报,AN202412051641195621
2024-12-31,2024,12,12,1,857.8,153.85,15.29,117.30161007801149,2025-01-07,牧原股份:2024年12月份生猪销售简报,AN202501061641822575
2025-02-28,2025,1,2,2,1146.1,204.22,14.76,120.7228283782707,2025-03-08,牧原股份:2025年1-2月份销售简报,AN202503071644165721
2025-03-31,2025,3,3,1,693.5,127.94,14.3,129.01013910386655,2025-04-08,牧原股份:2025年3月份销售简报,AN202504071652816076
2025-04-30,2025,4,4,1,657.3,125.95,14.66,130.70751839608437,2025-05-08,牧原股份:2025年4月份销售简报,AN202505071668942335
2025-05-31,2025,5,5,1,640.6,122.58,14.52,131.7850259183668,2025-06-06,牧原股份:2025年5月份销售简报,AN202506051685404202
2025-06-30,2025,6,6,1,701.9,127.99,14.08,129.50846080120192,2025-07-08,牧原股份:2025年6月份销售简报,AN202507071704664056
2025-07-31,2025,7,7,1,635.5,116.39,14.3,128.07491485697622,2025-08-06,牧原股份:2025年7月份销售简报,AN202508051721971346
2025-08-31,2025,8,8,1,700.1,118.5,13.51,125.28610959775123,2025-09-06,牧原股份:2025年8月份销售简报,AN202509051739239018
2025-09-30,2025,9,9,1,557.3,90.66,12.88,126.30216895346129,2025-10-10,牧原股份:2025年9月份销售简报,AN202510091759001610
2025-10-31,2025,10,10,1,707.6,103.31,11.55,126.40741583647178,2025-11-06,牧原股份:2025年10月份销售简报,AN202511051775660199
2025-11-30,2025,11,11,1,660.2,93.9,11.56,123.03600984917016,2025-12-06,牧原股份:2025年11月份销售简报,AN202512051794483515
2025-12-31,2025,12,12,1,698.0,96.67,11.41,121.38098335296289,2026-01-06,牧原股份:2025年12月份销售简报,AN202601051815411825
2026-01-31,2026,1,1,1,700.9,105.66,12.57,119.92763480707212,2026-02-06,牧原股份:2026年1月份销售简报,AN202602051819793898
2026-02-28,2026,2,2,1,460.3,64.05,11.59,120.05900042306504,2026-03-06,牧原股份:2026年2月份销售简报,AN202603051820311646
2026-03-31,2026,3,3,1,675.1,86.06,9.91,128.6351268960266,2026-04-09,牧原股份:2026年3月份销售简报,AN202604081821068570
2026-04-30,2026,4,4,1,714.3,85.03,9.45,125.96785101335011,2026-05-07,牧原股份:2026年4月份销售简报,AN202605061821992127
2026-05-31,2026,5,5,1,688.3,85.65,9.8,126.97654973655887,2026-06-06,牧原股份:2026年5月份销售简报,AN202606051823298691
2026-06-30,2026,6,6,1,622.7,75.0,9.69,124.29642011394502,2026-07-07,牧原股份:2026年6月份销售简报,AN202607061826750515
